ID,Face_Shape,TrialNum,Face_Set,Morph_Type,Pic_Number,Dom
1,1,1,1,2,518,3
1,1,2,2,2,7,4
1,1,3,2,2,61,3
1,1,4,1,1,601,5
1,1,5,2,1,70,2
1,1,6,2,2,106,6
1,1,7,2,1,71,6
1,1,8,1,2,592,4
1,1,9,2,2,131,5
1,1,10,1,1,529,5
1,1,11,1,1,625,5
1,1,12,1,2,623,3
1,1,13,1,2,504,4
1,1,14,1,2,605,5
1,1,15,1,1,638,2
1,1,16,2,1,45,4
1,1,17,1,2,603,5
1,1,18,2,2,48,6
1,1,19,2,2,40,6
1,1,20,2,1,8,7
1,1,21,1,2,521,3
1,1,22,1,1,631,3
1,1,23,2,1,66,4
1,1,24,2,2,41,4
1,1,25,2,1,62,3
1,1,26,1,1,643,3
1,1,27,1,1,541,4
1,1,28,2,1,91,5
1,1,29,1,1,563,2
1,1,30,1,2,621,5
1,1,31,2,2,60,5
1,1,32,2,2,8,6
1,1,33,2,1,110,2
1,1,34,1,2,628,3
1,1,35,2,2,33,5
1,1,36,1,1,608,5
1,1,37,1,2,672,7
1,1,38,2,1,142,4
1,1,39,2,1,57,4
1,1,40,1,1,521,5
2,1,1,1,2,672,1
2,1,2,2,2,43,1
2,1,3,1,2,631,1
2,1,4,2,1,26,1
2,1,5,1,1,603,1
2,1,6,1,2,604,2
2,1,7,1,2,541,2
2,1,8,2,1,116,1
2,1,9,2,1,57,1
2,1,10,2,2,162,1
2,1,11,1,1,632,1
2,1,12,1,1,529,1
2,1,13,2,1,150,2
2,1,14,2,2,73,1
2,1,15,1,1,569,1
2,1,16,1,2,529,1
2,1,17,2,2,131,1
2,1,18,2,1,60,3
2,1,19,2,1,52,2
2,1,20,1,2,625,2
2,1,21,1,1,625,2
2,1,22,2,2,52,3
2,1,23,2,1,69,4
2,1,24,2,1,161,2
2,1,25,1,1,608,1
2,1,26,2,2,7,2
2,1,27,2,1,61,2
2,1,28,2,1,162,1
2,1,29,2,2,33,3
2,1,30,2,2,111,2
2,1,31,1,2,592,2
2,1,32,1,2,569,1
2,1,33,1,2,521,2
2,1,34,1,1,604,4
2,1,35,2,2,63,2
2,1,36,2,2,96,1
2,1,37,1,1,605,1
2,1,38,1,2,630,1
2,1,39,1,1,601,4
2,1,40,1,1,623,1
3,1,1,2,1,62,3
3,1,2,1,2,632,4
3,1,3,2,2,61,3
3,1,4,2,2,37,3
3,1,5,1,2,512,4
3,1,6,1,2,623,4
3,1,7,2,2,98,3
3,1,8,1,1,625,3
3,1,9,1,2,533,
3,1,10,1,2,672,2
3,1,11,2,1,9,2
3,1,12,1,1,621,4
3,1,13,2,1,110,2
3,1,14,1,1,563,4
3,1,15,2,2,113,3
3,1,16,2,1,61,4
3,1,17,1,1,522,3
3,1,18,2,2,60,3
3,1,19,2,2,142,2
3,1,20,2,2,111,5
3,1,21,1,1,632,3
3,1,22,1,2,625,3
3,1,23,1,2,621,5
3,1,24,1,2,592,4
3,1,25,1,1,529,3
3,1,26,2,2,91,4
3,1,27,1,1,521,2
3,1,28,2,1,91,5
3,1,29,2,1,49,1
3,1,30,2,1,68,2
3,1,31,1,1,601,5
3,1,32,2,2,45,5
3,1,33,2,1,96,3
3,1,34,2,1,86,2
3,1,35,2,2,70,4
3,1,36,1,2,604,3
3,1,37,1,2,522,5
3,1,38,2,1,141,3
3,1,39,1,1,569,4
3,1,40,1,1,640,4
4,1,1,2,2,105,
4,1,2,2,2,150,3
4,1,3,2,1,41,2
4,1,4,1,1,526,3
4,1,5,2,2,41,4
4,1,6,1,2,521,5
4,1,7,2,2,49,5
4,1,8,2,2,68,2
4,1,9,2,1,65,
4,1,10,1,1,604,2
4,1,11,1,1,592,4
4,1,12,2,1,150,3
4,1,13,2,2,63,4
4,1,14,1,1,512,3
4,1,15,1,2,621,5
4,1,16,1,1,541,4
4,1,17,1,1,638,2
4,1,18,1,1,632,2
4,1,19,2,1,111,
4,1,20,2,1,142,3
4,1,21,2,1,91,4
4,1,22,1,2,628,4
4,1,23,1,1,518,2
4,1,24,2,1,48,5
4,1,25,1,2,631,6
4,1,26,2,1,105,3
4,1,27,2,1,73,4
4,1,28,1,2,601,5
4,1,29,1,2,568,5
4,1,30,1,2,518,3
4,1,31,1,2,512,6
4,1,32,1,2,541,5
4,1,33,2,2,8,5
4,1,34,2,1,86,4
4,1,35,2,2,110,3
4,1,36,2,2,100,3
4,1,37,1,2,526,3
4,1,38,1,1,533,5
4,1,39,2,2,42,
4,1,40,1,1,628,5
5,1,1,2,1,26,6
5,1,2,2,2,109,
5,1,3,1,2,601,5
5,1,4,1,1,529,5
5,1,5,2,2,48,
5,1,6,1,2,672,5
5,1,7,1,2,604,3
5,1,8,1,1,512,
5,1,9,2,2,150,3
5,1,10,1,1,522,5
5,1,11,2,1,142,
5,1,12,1,1,608,6
5,1,13,1,1,533,6
5,1,14,2,2,100,4
5,1,15,2,1,52,4
5,1,16,2,2,38,
5,1,17,2,1,109,6
5,1,18,1,2,512,6
5,1,19,2,2,62,6
5,1,20,1,2,625,3
5,1,21,2,2,162,3
5,1,22,2,2,5,2
5,1,23,1,2,563,2
5,1,24,2,2,81,
5,1,25,1,2,673,5
5,1,26,1,2,623,6
5,1,27,2,1,60,5
5,1,28,2,1,57,6
5,1,29,2,2,37,2
5,1,30,2,1,100,5
5,1,31,1,2,568,3
5,1,32,2,1,153,6
5,1,33,1,1,623,
5,1,34,1,1,541,5
5,1,35,1,1,640,6
5,1,36,2,1,63,4
5,1,37,2,1,68,5
5,1,38,1,1,569,
5,1,39,1,1,518,4
5,1,40,1,2,504,3
8,1,1,1,2,617,3
8,1,2,2,2,75,2
8,1,3,2,1,5,4
8,1,4,2,1,73,3
8,1,5,1,1,533,5
8,1,6,1,1,625,6
8,1,7,2,1,110,2
8,1,8,1,2,601,3
8,1,9,2,1,43,
8,1,10,1,2,521,3
8,1,11,1,1,522,5
8,1,12,1,1,623,4
8,1,13,1,2,604,2
8,1,14,1,2,563,6
8,1,15,2,1,33,5
8,1,16,2,2,68,5
8,1,17,2,2,61,5
8,1,18,2,2,7,5
8,1,19,2,2,40,5
8,1,20,1,1,621,4
8,1,21,2,2,96,5
8,1,22,1,1,643,3
8,1,23,2,2,41,3
8,1,24,1,2,630,4
8,1,25,2,1,80,4
8,1,26,2,2,38,3
8,1,27,1,2,643,5
8,1,28,1,1,592,3
8,1,29,2,1,37,3
8,1,30,2,1,131,5
8,1,31,1,1,604,2
8,1,32,2,1,26,2
8,1,33,1,2,640,3
8,1,34,1,1,673,6
8,1,35,1,2,522,5
8,1,36,2,2,26,4
8,1,37,2,2,161,6
8,1,38,2,1,66,5
8,1,39,1,1,630,4
8,1,40,1,2,531,5
9,1,1,1,2,638,3
9,1,2,1,1,526,2
9,1,3,1,2,563,2
9,1,4,1,2,504,3
9,1,5,2,1,61,4
9,1,6,2,1,16,2
9,1,7,1,1,512,5
9,1,8,2,1,49,4
9,1,9,1,1,621,2
9,1,10,1,2,522,5
9,1,11,1,1,640,5
9,1,12,1,2,603,2
9,1,13,2,1,150,3
9,1,14,2,2,41,5
9,1,15,2,2,9,5
9,1,16,2,1,62,6
9,1,17,1,2,643,2
9,1,18,1,1,533,5
9,1,19,2,2,13,2
9,1,20,2,2,5,
9,1,21,2,2,105,2
9,1,22,2,2,26,1
9,1,23,2,1,116,2
9,1,24,2,1,33,4
9,1,25,1,2,630,5
9,1,26,1,2,604,2
9,1,27,1,1,563,1
9,1,28,2,1,42,5
9,1,29,1,1,673,6
9,1,30,2,2,153,5
9,1,31,2,1,161,3
9,1,32,1,1,628,2
9,1,33,1,1,518,1
9,1,34,1,2,632,2
9,1,35,2,2,76,4
9,1,36,2,2,75,2
9,1,37,1,1,631,5
9,1,38,2,1,153,6
9,1,39,1,2,617,4
9,1,40,2,2,37,2
10,1,1,1,1,630,4
10,1,2,1,1,608,3
10,1,3,1,2,522,5
10,1,4,1,1,512,5
10,1,5,2,1,142,4
10,1,6,1,1,673,5
10,1,7,1,2,603,2
10,1,8,1,2,643,3
10,1,9,1,2,521,5
10,1,10,1,2,541,5
10,1,11,2,2,150,3
10,1,12,2,2,52,5
10,1,13,2,1,26,2
10,1,14,2,2,76,6
10,1,15,1,2,526,6
10,1,16,2,2,70,3
10,1,17,1,2,601,5
10,1,18,2,2,65,3
10,1,19,1,1,628,4
10,1,20,1,1,603,3
10,1,21,1,2,641,5
10,1,22,2,1,153,4
10,1,23,1,1,518,2
10,1,24,2,1,7,4
10,1,25,2,1,150,3
10,1,26,1,1,569,3
10,1,27,2,1,96,5
10,1,28,2,1,98,3
10,1,29,2,1,43,
10,1,30,2,1,111,3
10,1,31,2,1,47,2
10,1,32,2,2,71,5
10,1,33,2,2,116,6
10,1,34,2,2,60,3
10,1,35,1,2,569,3
10,1,36,2,2,75,3
10,1,37,2,2,109,
10,1,38,1,1,638,3
10,1,39,1,1,604,3
10,1,40,1,2,563,5
11,1,1,2,2,40,4
11,1,2,1,1,521,2
11,1,3,2,1,47,5
11,1,4,1,1,605,6
11,1,5,1,1,673,3
11,1,6,1,2,504,1
11,1,7,1,2,531,5
11,1,8,1,1,518,1
11,1,9,2,2,43,3
11,1,10,1,2,526,6
11,1,11,2,1,66,5
11,1,12,2,2,66,6
11,1,13,1,1,617,6
11,1,14,2,1,9,4
11,1,15,1,1,533,3
11,1,16,2,1,48,2
11,1,17,2,2,68,4
11,1,18,2,2,49,
11,1,19,2,2,81,5
11,1,20,2,2,113,3
11,1,21,2,1,60,5
11,1,22,1,1,504,5
11,1,23,1,2,592,5
11,1,24,2,1,150,3
11,1,25,2,2,111,5
11,1,26,1,1,541,6
11,1,27,1,1,672,5
11,1,28,1,2,601,5
11,1,29,1,2,643,4
11,1,30,1,2,631,3
11,1,31,2,1,113,2
11,1,32,1,2,638,5
11,1,33,1,1,641,4
11,1,34,2,1,52,1
11,1,35,1,2,521,7
11,1,36,2,1,161,5
11,1,37,2,1,45,5
11,1,38,2,2,60,6
11,1,39,1,2,630,4
11,1,40,2,2,62,3
12,1,1,1,2,541,1
12,1,2,2,2,71,3
12,1,3,1,1,601,3
12,1,4,2,1,73,1
12,1,5,2,2,11,1
12,1,6,2,2,76,6
12,1,7,1,2,521,1
12,1,8,1,1,521,1
12,1,9,1,2,568,1
12,1,10,1,1,569,5
12,1,11,1,1,592,3
12,1,12,1,1,541,1
12,1,13,1,2,643,1
12,1,14,1,2,563,1
12,1,15,2,2,16,2
12,1,16,2,2,116,3
12,1,17,2,2,131,4
12,1,18,1,1,641,1
12,1,19,2,2,13,1
12,1,20,2,1,68,1
12,1,21,1,1,531,5
12,1,22,1,1,563,1
12,1,23,1,1,518,2
12,1,24,2,1,70,1
12,1,25,1,2,512,1
12,1,26,2,1,45,5
12,1,27,2,2,65,1
12,1,28,2,1,37,2
12,1,29,1,1,643,1
12,1,30,2,2,162,5
12,1,31,2,1,113,1
12,1,32,1,2,592,1
12,1,33,2,1,110,2
12,1,34,1,2,608,1
12,1,35,2,1,162,2
12,1,36,2,1,9,1
12,1,37,2,2,141,3
12,1,38,1,2,623,1
12,1,39,2,1,111,1
12,1,40,1,2,518,1
16,1,1,1,1,533,4
16,1,2,1,2,628,4
16,1,3,1,1,603,3
16,1,4,2,1,81,4
16,1,5,2,1,86,5
16,1,6,1,2,521,5
16,1,7,2,2,65,5
16,1,8,2,2,70,4
16,1,9,2,2,13,4
16,1,10,2,2,62,5
16,1,11,2,1,161,3
16,1,12,2,1,16,5
16,1,13,1,1,628,4
16,1,14,1,1,638,5
16,1,15,1,1,617,4
16,1,16,1,2,608,5
16,1,17,2,1,71,5
16,1,18,2,2,38,5
16,1,19,2,1,91,4
16,1,20,2,2,20,5
16,1,21,1,2,631,5
16,1,22,1,2,621,3
16,1,23,1,1,608,5
16,1,24,2,1,33,5
16,1,25,1,1,601,3
16,1,26,1,2,630,4
16,1,27,1,2,563,3
16,1,28,2,1,48,3
16,1,29,1,2,617,6
16,1,30,2,1,20,4
16,1,31,2,2,111,4
16,1,32,1,1,623,4
16,1,33,1,1,541,4
16,1,34,1,2,592,4
16,1,35,1,2,569,4
16,1,36,1,1,672,3
16,1,37,2,2,110,4
16,1,38,2,2,141,4
16,1,39,2,2,40,5
16,1,40,2,1,47,5
17,1,1,1,1,518,2
17,1,2,2,2,40,4
17,1,3,2,2,98,3
17,1,4,2,2,43,5
17,1,5,1,2,603,4
17,1,6,2,1,113,2
17,1,7,2,1,49,2
17,1,8,1,2,533,6
17,1,9,2,1,68,3
17,1,10,2,1,52,3
17,1,11,1,1,529,4
17,1,12,1,2,563,4
17,1,13,2,1,70,3
17,1,14,1,1,640,2
17,1,15,1,2,623,5
17,1,16,1,2,531,4
17,1,17,1,2,541,4
17,1,18,1,1,641,1
17,1,19,2,2,69,5
17,1,20,2,2,80,5
17,1,21,1,1,638,3
17,1,22,1,2,605,5
17,1,23,1,1,621,
17,1,24,2,2,68,3
17,1,25,2,1,68,2
17,1,26,2,2,73,4
17,1,27,1,2,601,5
17,1,28,2,2,113,3
17,1,29,1,1,643,4
17,1,30,2,2,52,6
17,1,31,2,2,48,6
17,1,32,2,1,116,4
17,1,33,1,2,569,4
17,1,34,2,1,26,3
17,1,35,2,1,7,3
17,1,36,1,1,522,3
17,1,37,1,1,504,3
17,1,38,1,1,569,4
17,1,39,2,1,91,2
17,1,40,1,2,625,4
18,1,1,1,2,603,1
18,1,2,1,1,604,2
18,1,3,2,2,86,4
18,1,4,2,2,98,3
18,1,5,2,2,57,4
18,1,6,1,2,604,2
18,1,7,1,1,563,3
18,1,8,1,2,623,4
18,1,9,2,2,63,3
18,1,10,2,1,162,2
18,1,11,1,1,521,5
18,1,12,2,1,109,3
18,1,13,2,2,68,2
18,1,14,1,1,638,4
18,1,15,1,1,526,5
18,1,16,1,2,518,2
18,1,17,1,2,672,4
18,1,18,2,1,113,
18,1,19,1,1,643,3
18,1,20,1,1,628,3
18,1,21,2,1,98,2
18,1,22,2,1,80,4
18,1,23,1,2,512,5
18,1,24,1,2,541,5
18,1,25,2,1,9,2
18,1,26,2,2,111,4
18,1,27,2,1,71,5
18,1,28,2,2,30,5
18,1,29,2,1,49,3
18,1,30,2,2,153,2
18,1,31,2,2,16,4
18,1,32,1,1,608,4
18,1,33,1,2,529,3
18,1,34,1,2,625,4
18,1,35,1,2,601,5
18,1,36,1,1,529,3
18,1,37,2,1,68,3
18,1,38,2,1,69,4
18,1,39,2,2,52,5
18,1,40,1,1,623,2
19,1,1,1,1,623,5
19,1,2,2,2,150,4
19,1,3,1,1,533,4
19,1,4,1,1,504,4
19,1,5,2,1,13,5
19,1,6,2,2,26,4
19,1,7,2,1,161,3
19,1,8,2,1,52,3
19,1,9,2,1,80,4
19,1,10,2,2,110,5
19,1,11,1,1,521,6
19,1,12,2,2,161,4
19,1,13,1,2,533,5
19,1,14,1,2,541,5
19,1,15,2,2,9,3
19,1,16,1,1,563,3
19,1,17,1,1,605,6
19,1,18,1,2,512,5
19,1,19,1,1,592,5
19,1,20,2,1,113,4
19,1,21,1,1,526,5
19,1,22,2,1,60,4
19,1,23,1,2,531,3
19,1,24,1,2,625,3
19,1,25,1,2,526,5
19,1,26,2,2,66,4
19,1,27,1,2,608,3
19,1,28,1,1,641,4
19,1,29,2,2,162,4
19,1,30,2,1,66,4
19,1,31,2,2,16,3
19,1,32,2,1,68,3
19,1,33,1,1,541,4
19,1,34,1,2,504,4
19,1,35,2,1,73,4
19,1,36,2,2,61,3
19,1,37,2,1,16,3
19,1,38,2,2,113,2
19,1,39,1,2,632,3
19,1,40,1,2,623,3
20,1,1,1,1,638,4
20,1,2,1,1,628,3
20,1,3,2,2,109,4
20,1,4,2,2,60,3
20,1,5,1,2,531,5
20,1,6,1,2,643,4
20,1,7,1,1,672,5
20,1,8,2,1,63,4
20,1,9,1,2,526,5
20,1,10,2,1,16,3
20,1,11,2,2,48,5
20,1,12,2,2,142,4
20,1,13,1,2,628,5
20,1,14,1,2,504,5
20,1,15,2,2,26,4
20,1,16,2,1,109,3
20,1,17,1,1,521,4
20,1,18,1,2,672,5
20,1,19,1,2,568,3
20,1,20,2,1,161,3
20,1,21,2,1,30,4
20,1,22,2,1,8,5
20,1,23,1,1,601,4
20,1,24,2,1,76,3
20,1,25,1,1,531,3
20,1,26,2,1,141,5
20,1,27,1,1,643,3
20,1,28,1,2,625,4
20,1,29,2,2,68,5
20,1,30,1,1,621,5
20,1,31,2,2,65,3
20,1,32,2,2,98,3
20,1,33,1,2,521,5
20,1,34,2,2,16,4
20,1,35,2,2,105,4
20,1,36,2,1,26,5
20,1,37,1,1,631,5
20,1,38,1,2,601,4
20,1,39,1,1,522,5
20,1,40,2,1,49,3
21,1,1,2,2,63,3
21,1,2,2,1,65,2
21,1,3,2,1,45,3
21,1,4,2,2,141,3
21,1,5,1,1,522,4
21,1,6,2,1,100,5
21,1,7,1,2,617,4
21,1,8,2,1,40,4
21,1,9,1,2,643,3
21,1,10,1,2,522,4
21,1,11,2,2,37,4
21,1,12,2,2,52,5
21,1,13,2,2,113,4
21,1,14,1,2,512,5
21,1,15,1,1,640,4
21,1,16,1,2,641,3
21,1,17,1,2,569,3
21,1,18,2,1,49,5
21,1,19,1,1,641,3
21,1,20,2,2,153,5
21,1,21,2,2,65,4
21,1,22,1,2,628,3
21,1,23,2,1,11,3
21,1,24,1,1,526,4
21,1,25,1,1,512,5
21,1,26,2,1,141,3
21,1,27,1,1,625,5
21,1,28,1,2,632,3
21,1,29,2,2,91,3
21,1,30,2,1,73,3
21,1,31,1,1,569,5
21,1,32,2,2,8,5
21,1,33,2,2,13,3
21,1,34,1,2,533,3
21,1,35,1,1,623,3
21,1,36,2,1,142,3
21,1,37,1,1,632,5
21,1,38,1,2,672,4
21,1,39,1,1,643,3
21,1,40,2,1,30,5
22,1,1,2,2,109,3
22,1,2,1,1,541,1
22,1,3,1,2,640,2
22,1,4,1,1,522,1
22,1,5,2,2,5,1
22,1,6,1,1,608,2
22,1,7,1,1,623,1
22,1,8,2,2,40,2
22,1,9,1,2,673,3
22,1,10,2,1,42,1
22,1,11,2,1,73,1
22,1,12,1,2,522,4
22,1,13,2,2,76,4
22,1,14,2,2,41,2
22,1,15,2,1,131,1
22,1,16,2,2,26,2
22,1,17,1,2,605,5
22,1,18,1,1,640,3
22,1,19,2,1,161,1
22,1,20,2,1,66,1
22,1,21,2,1,47,3
22,1,22,1,2,672,5
22,1,23,1,2,529,5
22,1,24,2,2,7,2
22,1,25,1,2,628,1
22,1,26,2,2,131,1
22,1,27,1,1,526,1
22,1,28,2,1,109,2
22,1,29,2,1,68,1
22,1,30,1,2,608,6
22,1,31,1,2,623,4
22,1,32,2,2,100,3
22,1,33,2,2,80,6
22,1,34,1,1,617,5
22,1,35,2,1,81,1
22,1,36,1,1,638,1
22,1,37,1,2,604,1
22,1,38,1,1,529,3
22,1,39,2,1,52,4
22,1,40,1,1,604,1
23,1,1,1,2,608,3
23,1,2,2,1,9,2
23,1,3,2,1,68,5
23,1,4,2,2,16,5
23,1,5,2,2,37,4
23,1,6,1,1,632,2
23,1,7,2,1,161,3
23,1,8,1,1,605,6
23,1,9,1,1,631,6
23,1,10,1,2,533,6
23,1,11,2,1,131,2
23,1,12,1,1,533,5
23,1,13,2,2,7,6
23,1,14,1,2,638,1
23,1,15,2,1,75,3
23,1,16,2,1,116,4
23,1,17,1,2,504,5
23,1,18,1,2,631,5
23,1,19,1,1,630,2
23,1,20,2,2,81,5
23,1,21,2,2,49,5
23,1,22,2,2,61,5
23,1,23,2,1,141,3
23,1,24,1,2,601,6
23,1,25,1,1,521,3
23,1,26,1,2,630,2
23,1,27,1,2,604,2
23,1,28,2,2,86,4
23,1,29,2,2,106,4
23,1,30,2,1,60,5
23,1,31,1,1,601,
23,1,32,1,2,643,
23,1,33,2,1,109,2
23,1,34,2,2,105,2
23,1,35,2,2,100,4
23,1,36,1,1,638,1
23,1,37,1,1,617,
23,1,38,1,1,628,
23,1,39,1,2,568,2
23,1,40,2,1,30,3
24,1,1,2,1,33,4
24,1,2,2,2,52,
24,1,3,1,2,512,3
24,1,4,2,1,45,4
24,1,5,1,1,672,5
24,1,6,1,2,504,3
24,1,7,1,1,604,2
24,1,8,2,1,47,4
24,1,9,1,1,623,5
24,1,10,2,2,38,6
24,1,11,2,1,42,5
24,1,12,1,1,641,3
24,1,13,2,1,41,5
24,1,14,1,1,621,5
24,1,15,1,1,526,2
24,1,16,2,2,49,3
24,1,17,1,2,617,5
24,1,18,2,2,63,2
24,1,19,2,1,113,1
24,1,20,2,2,86,5
24,1,21,1,2,630,5
24,1,22,2,2,162,3
24,1,23,2,1,73,2
24,1,24,1,2,673,5
24,1,25,2,2,109,
24,1,26,1,2,526,5
24,1,27,1,1,522,3
24,1,28,1,1,569,2
24,1,29,2,1,153,3
24,1,30,2,2,113,2
24,1,31,1,2,608,4
24,1,32,1,2,638,1
24,1,33,1,1,605,5
24,1,34,2,2,7,6
24,1,35,2,1,7,5
24,1,36,1,1,518,1
24,1,37,2,1,109,1
24,1,38,1,2,521,5
24,1,39,1,2,529,3
24,1,40,2,2,150,3
25,1,1,2,2,162,2
25,1,2,1,2,541,5
25,1,3,2,2,33,4
25,1,4,2,2,63,3
25,1,5,2,1,37,5
25,1,6,1,2,529,6
25,1,7,2,1,8,6
25,1,8,1,2,568,3
25,1,9,2,1,75,4
25,1,10,1,1,625,6
25,1,11,2,1,142,3
25,1,12,2,2,62,5
25,1,13,2,2,37,6
25,1,14,2,1,45,6
25,1,15,1,2,628,6
25,1,16,2,2,5,5
25,1,17,2,1,153,4
25,1,18,1,2,638,3
25,1,19,1,2,569,2
25,1,20,2,1,40,5
25,1,21,1,2,625,6
25,1,22,2,1,9,3
25,1,23,1,1,504,2
25,1,24,2,1,62,
25,1,25,1,1,623,4
25,1,26,2,1,116,6
25,1,27,1,2,603,2
25,1,28,2,2,116,5
25,1,29,2,2,71,5
25,1,30,2,2,69,6
25,1,31,1,2,601,5
25,1,32,1,2,630,3
25,1,33,1,1,608,
25,1,34,2,2,100,5
25,1,35,1,1,603,2
25,1,36,1,1,605,1
25,1,37,1,1,531,2
25,1,38,1,1,631,2
25,1,39,1,1,621,3
25,1,40,1,1,518,1
26,1,1,1,1,603,4
26,1,2,1,1,601,3
26,1,3,2,2,110,2
26,1,4,1,2,569,5
26,1,5,2,2,41,5
26,1,6,2,1,45,2
26,1,7,2,2,66,2
26,1,8,2,1,57,4
26,1,9,1,1,563,3
26,1,10,2,1,141,4
26,1,11,2,2,8,4
26,1,12,1,2,625,5
26,1,13,2,1,62,3
26,1,14,1,1,569,3
26,1,15,1,2,522,4
26,1,16,1,1,533,4
26,1,17,1,2,621,3
26,1,18,2,2,116,
26,1,19,2,1,105,3
26,1,20,2,1,68,2
26,1,21,1,1,608,3
26,1,22,1,1,623,4
26,1,23,1,1,518,2
26,1,24,2,2,45,3
26,1,25,1,1,632,3
26,1,26,1,1,628,4
26,1,27,2,1,86,4
26,1,28,1,2,531,5
26,1,29,2,1,41,4
26,1,30,2,2,52,5
26,1,31,2,1,153,4
26,1,32,1,2,529,4
26,1,33,2,2,111,5
26,1,34,1,2,643,3
26,1,35,1,2,541,4
26,1,36,2,2,141,4
26,1,37,2,1,142,3
26,1,38,2,2,65,4
26,1,39,1,2,641,3
26,1,40,1,2,632,4
27,1,1,2,2,5,5
27,1,2,1,1,673,6
27,1,3,1,1,608,5
27,1,4,1,1,569,4
27,1,5,2,1,106,3
27,1,6,1,2,673,6
27,1,7,1,1,621,3
27,1,8,2,2,70,3
27,1,9,2,2,150,
27,1,10,1,2,569,2
27,1,11,2,2,38,2
27,1,12,1,1,623,4
27,1,13,1,1,640,2
27,1,14,1,2,617,5
27,1,15,1,1,522,6
27,1,16,2,1,11,3
27,1,17,2,1,153,4
27,1,18,2,1,13,2
27,1,19,2,2,49,3
27,1,20,2,1,105,3
27,1,21,1,1,592,2
27,1,22,2,2,40,5
27,1,23,1,2,631,6
27,1,24,2,2,161,4
27,1,25,1,2,504,3
27,1,26,2,2,109,5
27,1,27,1,2,628,3
27,1,28,1,2,630,5
27,1,29,1,1,504,4
27,1,30,2,1,62,3
27,1,31,2,1,81,5
27,1,32,2,1,52,5
27,1,33,1,2,625,6
27,1,34,2,1,100,3
27,1,35,2,1,7,3
27,1,36,1,2,608,6
27,1,37,1,2,638,5
27,1,38,2,2,98,3
27,1,39,2,2,47,5
27,1,40,1,1,521,2
28,1,1,2,1,57,3
28,1,2,2,2,150,4
28,1,3,2,2,30,4
28,1,4,1,2,601,6
28,1,5,1,1,630,3
28,1,6,2,2,7,5
28,1,7,2,2,100,5
28,1,8,2,2,98,5
28,1,9,1,2,643,3
28,1,10,2,1,68,3
28,1,11,1,2,604,5
28,1,12,1,2,512,5
28,1,13,2,2,52,6
28,1,14,1,2,522,3
28,1,15,1,2,621,5
28,1,16,1,1,569,5
28,1,17,2,1,98,3
28,1,18,2,1,76,3
28,1,19,1,1,531,2
28,1,20,1,1,604,3
28,1,21,2,2,48,5
28,1,22,1,1,541,5
28,1,23,1,1,672,4
28,1,24,2,2,57,5
28,1,25,1,2,592,4
28,1,26,2,1,30,3
28,1,27,2,1,91,3
28,1,28,1,1,641,1
28,1,29,1,2,641,3
28,1,30,1,2,673,4
28,1,31,2,1,52,4
28,1,32,1,1,640,5
28,1,33,2,2,109,5
28,1,34,2,1,73,5
28,1,35,1,1,521,4
28,1,36,2,1,113,4
28,1,37,1,2,605,5
28,1,38,1,1,617,4
28,1,39,2,2,42,5
28,1,40,2,1,33,3
29,1,1,1,1,504,2
29,1,2,1,1,608,4
29,1,3,1,2,522,5
29,1,4,2,1,100,3
29,1,5,1,2,605,5
29,1,6,2,2,113,4
29,1,7,2,2,150,3
29,1,8,2,2,162,2
29,1,9,1,2,628,1
29,1,10,1,2,625,1
29,1,11,2,2,66,1
29,1,12,2,2,153,2
29,1,13,2,1,30,2
29,1,14,1,1,526,2
29,1,15,1,1,592,5
29,1,16,1,1,605,5
29,1,17,1,1,617,3
29,1,18,1,2,673,5
29,1,19,1,2,521,6
29,1,20,1,2,630,2
29,1,21,2,1,153,1
29,1,22,1,1,628,1
29,1,23,1,2,623,2
29,1,24,2,1,141,2
29,1,25,1,2,526,2
29,1,26,2,1,161,1
29,1,27,2,2,75,6
29,1,28,2,1,116,2
29,1,29,2,1,5,3
29,1,30,1,1,603,1
29,1,31,2,1,7,1
29,1,32,1,1,529,1
29,1,33,2,1,20,2
29,1,34,2,2,5,2
29,1,35,2,2,40,1
29,1,36,1,2,504,6
29,1,37,2,2,11,1
29,1,38,2,1,43,1
29,1,39,1,1,601,6
29,1,40,2,2,96,7
30,1,1,1,1,601,2
30,1,2,2,2,57,2
30,1,3,2,1,153,3
30,1,4,1,1,621,2
30,1,5,2,1,45,3
30,1,6,2,1,7,3
30,1,7,1,2,640,4
30,1,8,1,1,641,3
30,1,9,2,1,141,3
30,1,10,2,1,81,4
30,1,11,2,1,86,4
30,1,12,1,2,526,2
30,1,13,1,1,603,3
30,1,14,1,2,625,3
30,1,15,2,2,40,3
30,1,16,1,2,641,2
30,1,17,1,2,563,3
30,1,18,1,1,512,3
30,1,19,2,1,5,3
30,1,20,1,2,601,4
30,1,21,2,2,80,4
30,1,22,2,1,33,2
30,1,23,2,2,162,3
30,1,24,1,1,638,2
30,1,25,2,2,52,3
30,1,26,1,2,603,4
30,1,27,1,1,605,4
30,1,28,2,2,11,3
30,1,29,2,1,20,3
30,1,30,2,2,41,3
30,1,31,2,2,70,3
30,1,32,2,1,40,3
30,1,33,1,2,630,3
30,1,34,1,2,568,3
30,1,35,1,1,531,3
30,1,36,1,2,592,3
30,1,37,1,1,533,4
30,1,38,2,2,110,4
30,1,39,1,1,623,4
30,1,40,2,2,161,4
31,1,1,1,2,638,4
31,1,2,1,1,605,4
31,1,3,1,2,641,4
31,1,4,2,2,7,4
31,1,5,2,1,116,5
31,1,6,2,1,11,4
31,1,7,1,2,568,4
31,1,8,2,2,113,2
31,1,9,2,1,47,4
31,1,10,1,1,563,4
31,1,11,1,2,623,4
31,1,12,1,1,522,4
31,1,13,2,1,40,4
31,1,14,1,1,592,3
31,1,15,1,2,640,4
31,1,16,2,2,13,4
31,1,17,2,1,45,4
31,1,18,2,2,106,4
31,1,19,2,2,33,3
31,1,20,2,1,68,3
31,1,21,1,2,628,3
31,1,22,2,2,30,4
31,1,23,1,2,643,3
31,1,24,1,1,630,5
31,1,25,2,2,16,4
31,1,26,2,1,5,3
31,1,27,2,2,20,3
31,1,28,2,1,42,5
31,1,29,1,1,623,4
31,1,30,1,1,673,5
31,1,31,2,2,111,4
31,1,32,2,1,91,3
31,1,33,1,2,673,4
31,1,34,1,2,518,1
31,1,35,2,1,37,4
31,1,36,2,2,47,6
31,1,37,1,1,632,5
31,1,38,1,1,601,6
31,1,39,1,2,608,4
31,1,40,1,1,533,4
32,1,1,2,2,109,3
32,1,2,2,1,150,4
32,1,3,2,1,98,3
32,1,4,2,1,111,1
32,1,5,1,1,672,5
32,1,6,1,1,631,4
32,1,7,1,1,531,5
32,1,8,1,2,628,3
32,1,9,2,1,7,6
32,1,10,2,2,8,2
32,1,11,1,2,568,5
32,1,12,1,2,631,5
32,1,13,1,2,529,4
32,1,14,1,2,672,6
32,1,15,1,2,640,7
32,1,16,1,1,601,6
32,1,17,1,2,531,6
32,1,18,2,1,65,2
32,1,19,2,1,86,3
32,1,20,2,2,5,4
32,1,21,1,2,638,4
32,1,22,2,2,43,5
32,1,23,2,2,38,4
32,1,24,1,1,617,6
32,1,25,2,1,8,2
32,1,26,2,2,70,3
32,1,27,2,2,141,6
32,1,28,1,2,630,5
32,1,29,2,2,42,4
32,1,30,2,2,111,1
32,1,31,2,1,91,2
32,1,32,2,1,73,3
32,1,33,2,1,49,4
32,1,34,1,2,604,5
32,1,35,1,1,625,2
32,1,36,1,1,673,5
32,1,37,1,1,522,3
32,1,38,1,1,504,7
32,1,39,1,1,630,3
32,1,40,2,2,76,4
33,1,1,1,1,526,4
33,1,2,1,2,563,2
33,1,3,1,2,643,5
33,1,4,1,2,640,6
33,1,5,1,1,632,4
33,1,6,2,2,48,4
33,1,7,2,2,26,3
33,1,8,1,2,608,5
33,1,9,2,1,38,2
33,1,10,2,2,40,4
33,1,11,2,2,30,4
33,1,12,1,2,568,3
33,1,13,1,2,522,4
33,1,14,1,1,512,3
33,1,15,2,2,43,3
33,1,16,2,1,62,3
33,1,17,1,1,569,2
33,1,18,1,1,504,4
33,1,19,1,2,628,3
33,1,20,1,1,625,4
33,1,21,2,1,100,4
33,1,22,1,2,641,3
33,1,23,1,2,592,4
33,1,24,1,2,569,4
33,1,25,2,1,153,4
33,1,26,2,1,40,3
33,1,27,2,1,68,3
33,1,28,2,2,113,3
33,1,29,1,1,673,4
33,1,30,1,1,640,5
33,1,31,2,2,9,3
33,1,32,2,2,106,4
33,1,33,2,1,150,3
33,1,34,2,2,16,4
33,1,35,1,1,541,4
33,1,36,2,1,110,4
33,1,37,2,1,70,3
33,1,38,2,1,113,3
33,1,39,2,2,38,3
33,1,40,1,1,592,4
34,1,1,2,1,98,2
34,1,2,2,2,73,5
34,1,3,2,1,16,4
34,1,4,2,2,91,5
34,1,5,1,2,533,6
34,1,6,2,2,69,4
34,1,7,2,1,100,3
34,1,8,1,2,563,6
34,1,9,1,2,672,4
34,1,10,2,2,86,4
34,1,11,2,1,109,5
34,1,12,2,1,111,1
34,1,13,1,2,630,6
34,1,14,2,2,80,6
34,1,15,1,1,605,5
34,1,16,1,1,521,4
34,1,17,1,2,625,6
34,1,18,1,1,603,5
34,1,19,1,1,641,2
34,1,20,2,1,142,1
34,1,21,1,2,518,5
34,1,22,1,1,640,6
34,1,23,2,2,65,4
34,1,24,2,1,162,2
34,1,25,1,2,608,7
34,1,26,1,1,631,6
34,1,27,1,1,531,6
34,1,28,1,2,628,7
34,1,29,2,2,48,7
34,1,30,2,1,43,4
34,1,31,1,2,621,7
34,1,32,1,2,504,7
34,1,33,2,2,20,6
34,1,34,1,1,526,3
34,1,35,2,2,57,7
34,1,36,2,1,75,5
34,1,37,2,1,106,4
34,1,38,1,1,569,4
34,1,39,1,1,601,5
34,1,40,2,2,47,7
35,1,1,1,2,541,5
35,1,2,2,2,9,3
35,1,3,2,2,13,5
35,1,4,1,2,605,6
35,1,5,2,2,30,5
35,1,6,1,1,617,4
35,1,7,1,1,643,3
35,1,8,2,1,63,2
35,1,9,1,2,504,4
35,1,10,2,1,131,5
35,1,11,1,2,531,3
35,1,12,1,1,592,5
35,1,13,2,2,153,6
35,1,14,1,1,628,2
35,1,15,2,1,71,5
35,1,16,2,2,8,4
35,1,17,1,1,563,3
35,1,18,2,1,8,2
35,1,19,1,2,522,5
35,1,20,2,2,162,5
35,1,21,2,1,161,2
35,1,22,1,1,533,5
35,1,23,2,1,43,3
35,1,24,1,2,601,4
35,1,25,1,2,512,4
35,1,26,1,1,608,3
35,1,27,2,1,60,2
35,1,28,1,2,533,5
35,1,29,1,1,541,3
35,1,30,2,1,68,2
35,1,31,1,1,605,5
35,1,32,2,2,98,5
35,1,33,1,2,568,5
35,1,34,1,1,638,2
35,1,35,2,2,11,6
35,1,36,2,2,141,4
35,1,37,1,2,521,3
35,1,38,2,2,26,4
35,1,39,2,1,40,3
35,1,40,2,1,16,2
36,1,1,2,2,86,3
36,1,2,1,2,512,3
36,1,3,2,1,113,2
36,1,4,1,1,632,2
36,1,5,2,2,43,3
36,1,6,1,2,531,5
36,1,7,1,1,603,4
36,1,8,1,2,638,4
36,1,9,1,2,529,3
36,1,10,2,2,106,3
36,1,11,2,1,75,4
36,1,12,2,1,7,4
36,1,13,2,2,47,5
36,1,14,2,1,70,2
36,1,15,1,1,569,3
36,1,16,2,1,9,2
36,1,17,1,1,526,5
36,1,18,2,1,63,3
36,1,19,1,1,504,4
36,1,20,1,1,531,5
36,1,21,2,1,81,4
36,1,22,2,2,162,3
36,1,23,1,2,518,3
36,1,24,1,2,605,5
36,1,25,2,2,141,4
36,1,26,2,1,11,3
36,1,27,1,1,512,5
36,1,28,2,1,161,2
36,1,29,1,2,569,5
36,1,30,2,2,9,3
36,1,31,1,2,641,4
36,1,32,2,2,62,4
36,1,33,1,1,673,5
36,1,34,1,2,631,5
36,1,35,1,1,643,2
36,1,36,1,1,533,3
36,1,37,1,2,632,3
36,1,38,2,2,33,4
36,1,39,2,1,20,4
36,1,40,2,2,98,3
37,1,1,1,2,621,3
37,1,2,1,2,592,4
37,1,3,1,1,522,4
37,1,4,1,2,643,2
37,1,5,1,1,512,5
37,1,6,2,2,48,5
37,1,7,1,2,529,1
37,1,8,1,2,641,1
37,1,9,1,1,630,5
37,1,10,2,1,7,4
37,1,11,1,1,603,3
37,1,12,1,2,522,6
37,1,13,2,2,61,3
37,1,14,1,1,518,1
37,1,15,1,2,541,4
37,1,16,2,2,8,3
37,1,17,2,2,43,5
37,1,18,2,2,106,4
37,1,19,1,1,604,2
37,1,20,2,2,65,1
37,1,21,1,2,628,4
37,1,22,2,2,57,6
37,1,23,2,1,142,4
37,1,24,1,1,625,5
37,1,25,2,1,52,3
37,1,26,1,1,504,4
37,1,27,2,1,62,3
37,1,28,2,2,69,5
37,1,29,1,1,531,2
37,1,30,1,2,531,3
37,1,31,2,1,86,5
37,1,32,2,1,69,5
37,1,33,1,2,504,3
37,1,34,1,1,641,1
37,1,35,2,2,11,5
37,1,36,2,1,75,4
37,1,37,2,2,16,3
37,1,38,2,1,161,6
37,1,39,2,1,106,5
37,1,40,2,1,41,4
38,1,1,2,1,96,2
38,1,2,1,2,608,6
38,1,3,2,1,69,
38,1,4,2,1,8,1
38,1,5,2,2,142,3
38,1,6,1,1,641,2
38,1,7,1,2,529,5
38,1,8,2,1,68,4
38,1,9,1,2,632,6
38,1,10,2,2,43,5
38,1,11,1,1,632,4
38,1,12,1,1,605,5
38,1,13,2,2,42,6
38,1,14,2,1,162,3
38,1,15,1,1,617,4
38,1,16,2,2,111,4
38,1,17,2,1,110,5
38,1,18,2,1,75,2
38,1,19,1,2,605,6
38,1,20,1,1,621,4
38,1,21,1,1,541,4
38,1,22,1,1,643,5
38,1,23,1,1,531,5
38,1,24,1,2,621,5
38,1,25,2,2,37,4
38,1,26,1,2,617,4
38,1,27,1,1,529,4
38,1,28,1,2,630,3
38,1,29,1,2,603,5
38,1,30,2,2,100,6
38,1,31,1,1,631,4
38,1,32,2,2,105,3
38,1,33,1,2,601,6
38,1,34,2,2,41,5
38,1,35,2,1,41,3
38,1,36,2,1,40,7
38,1,37,1,2,673,4
38,1,38,2,2,91,3
38,1,39,2,2,20,4
38,1,40,2,1,7,4
39,1,1,1,2,529,4
39,1,2,1,1,621,4
39,1,3,2,1,131,4
39,1,4,1,1,628,5
39,1,5,2,1,9,5
39,1,6,2,2,100,4
39,1,7,1,1,603,4
39,1,8,1,2,628,4
39,1,9,2,1,52,3
39,1,10,2,1,20,3
39,1,11,2,2,49,4
39,1,12,1,2,623,4
39,1,13,1,2,512,5
39,1,14,1,2,640,4
39,1,15,1,2,632,4
39,1,16,1,1,563,4
39,1,17,1,2,522,5
39,1,18,2,1,7,4
39,1,19,2,1,62,4
39,1,20,2,1,153,4
39,1,21,2,1,71,5
39,1,22,2,1,111,4
39,1,23,2,2,142,4
39,1,24,1,2,601,5
39,1,25,1,1,529,4
39,1,26,1,2,621,4
39,1,27,2,2,76,4
39,1,28,1,1,521,2
39,1,29,2,2,38,4
39,1,30,1,1,640,3
39,1,31,1,1,608,4
39,1,32,1,1,531,2
39,1,33,2,1,69,3
39,1,34,2,2,161,4
39,1,35,2,2,8,3
39,1,36,2,2,45,3
39,1,37,2,2,141,4
39,1,38,1,2,641,4
39,1,39,2,2,61,4
39,1,40,1,1,625,3
40,1,1,2,1,162,4
40,1,2,2,1,37,4
40,1,3,2,2,111,5
40,1,4,1,1,563,5
40,1,5,1,2,563,5
40,1,6,1,2,628,4
40,1,7,2,2,7,4
40,1,8,2,1,42,
40,1,9,2,1,41,4
40,1,10,1,2,569,4
40,1,11,1,2,630,4
40,1,12,1,2,522,4
40,1,13,1,2,672,3
40,1,14,2,2,26,4
40,1,15,2,1,69,4
40,1,16,2,2,116,4
40,1,17,2,2,98,4
40,1,18,1,1,592,5
40,1,19,1,1,638,4
40,1,20,1,1,526,4
40,1,21,2,2,47,5
40,1,22,1,1,605,4
40,1,23,2,1,8,4
40,1,24,1,1,603,3
40,1,25,2,1,40,5
40,1,26,1,1,604,4
40,1,27,1,1,621,5
40,1,28,1,1,529,4
40,1,29,2,1,30,4
40,1,30,2,1,43,4
40,1,31,1,2,640,4
40,1,32,1,1,504,4
40,1,33,1,2,608,5
40,1,34,1,2,641,3
40,1,35,2,2,70,4
40,1,36,2,2,49,5
40,1,37,2,2,45,4
40,1,38,1,2,592,4
40,1,39,2,2,161,4
40,1,40,2,1,105,5
41,1,1,1,1,522,4
41,1,2,2,1,150,4
41,1,3,2,1,161,5
41,1,4,1,2,563,4
41,1,5,1,1,638,4
41,1,6,1,2,533,5
41,1,7,2,1,91,4
41,1,8,1,1,617,4
41,1,9,1,2,604,4
41,1,10,1,2,630,4
41,1,11,1,2,592,5
41,1,12,1,2,623,4
41,1,13,1,1,621,4
41,1,14,2,1,38,4
41,1,15,1,1,526,4
41,1,16,2,2,49,4
41,1,17,2,1,63,5
41,1,18,1,1,630,4
41,1,19,2,1,109,4
41,1,20,2,2,153,5
41,1,21,2,2,43,4
41,1,22,2,2,9,4
41,1,23,2,2,66,5
41,1,24,1,1,518,4
41,1,25,2,2,57,5
41,1,26,2,1,70,
41,1,27,2,2,86,4
41,1,28,1,2,638,3
41,1,29,2,1,116,4
41,1,30,2,2,42,4
41,1,31,1,2,672,3
41,1,32,2,2,65,4
41,1,33,1,1,569,4
41,1,34,1,2,673,5
41,1,35,2,1,66,4
41,1,36,1,1,623,4
41,1,37,1,2,521,3
41,1,38,2,2,75,4
41,1,39,2,1,71,4
41,1,40,1,1,643,4
42,1,1,1,2,628,4
42,1,2,2,2,111,3
42,1,3,2,2,41,5
42,1,4,2,2,52,5
42,1,5,2,1,20,4
42,1,6,1,1,617,2
42,1,7,2,1,26,3
42,1,8,1,2,638,4
42,1,9,2,1,111,5
42,1,10,2,1,91,3
42,1,11,2,1,98,2
42,1,12,2,1,9,2
42,1,13,1,1,522,5
42,1,14,1,1,601,3
42,1,15,2,2,40,3
42,1,16,1,2,641,
42,1,17,2,1,62,3
42,1,18,2,1,47,6
42,1,19,1,2,592,3
42,1,20,1,1,625,5
42,1,21,1,1,518,4
42,1,22,1,2,623,5
42,1,23,2,2,11,3
42,1,24,1,1,632,5
42,1,25,2,1,68,4
42,1,26,2,2,80,4
42,1,27,1,2,632,3
42,1,28,1,1,533,4
42,1,29,2,2,100,6
42,1,30,2,2,76,6
42,1,31,2,2,16,4
42,1,32,1,1,526,5
42,1,33,1,1,643,4
42,1,34,1,1,638,4
42,1,35,1,2,604,4
42,1,36,2,2,37,4
42,1,37,1,2,621,3
42,1,38,1,2,541,4
42,1,39,1,2,504,4
42,1,40,2,1,37,2
43,1,1,2,2,7,2
43,1,2,2,1,13,2
43,1,3,1,1,601,5
43,1,4,1,2,628,3
43,1,5,1,1,522,3
43,1,6,2,1,62,4
43,1,7,2,2,9,5
43,1,8,1,1,643,4
43,1,9,1,1,526,3
43,1,10,1,2,631,5
43,1,11,2,1,38,4
43,1,12,1,2,605,5
43,1,13,1,2,632,4
43,1,14,2,1,76,3
43,1,15,1,2,512,6
43,1,16,1,2,531,5
43,1,17,1,1,529,5
43,1,18,2,1,70,5
43,1,19,2,2,98,3
43,1,20,2,2,48,3
43,1,21,1,1,521,4
43,1,22,2,2,81,3
43,1,23,2,2,33,3
43,1,24,2,2,131,4
43,1,25,2,2,80,5
43,1,26,2,2,161,5
43,1,27,1,1,625,3
43,1,28,2,1,60,3
43,1,29,1,2,569,5
43,1,30,1,1,641,4
43,1,31,1,1,518,3
43,1,32,1,2,563,6
43,1,33,2,2,38,5
43,1,34,1,1,673,4
43,1,35,2,1,9,3
43,1,36,2,1,73,5
43,1,37,1,2,638,3
43,1,38,2,1,49,3
43,1,39,1,2,526,3
43,1,40,2,1,30,4
44,1,1,1,1,623,2
44,1,2,1,1,521,5
44,1,3,1,1,533,5
44,1,4,1,2,592,4
44,1,5,2,2,100,3
44,1,6,1,1,625,3
44,1,7,1,2,522,4
44,1,8,1,2,521,4
44,1,9,2,1,57,3
44,1,10,2,2,52,4
44,1,11,1,1,621,4
44,1,12,2,1,73,4
44,1,13,1,1,529,4
44,1,14,1,2,601,5
44,1,15,1,1,608,5
44,1,16,2,1,43,4
44,1,17,2,2,98,5
44,1,18,2,1,96,5
44,1,19,1,2,621,5
44,1,20,2,1,81,4
44,1,21,2,1,100,3
44,1,22,1,1,601,5
44,1,23,1,1,672,4
44,1,24,2,2,8,5
44,1,25,2,2,42,6
44,1,26,1,2,518,5
44,1,27,2,2,131,5
44,1,28,2,1,75,4
44,1,29,2,1,5,2
44,1,30,2,2,110,3
44,1,31,2,2,86,4
44,1,32,1,1,563,4
44,1,33,1,2,643,6
44,1,34,2,1,80,5
44,1,35,2,2,37,6
44,1,36,2,2,45,4
44,1,37,1,2,625,
44,1,38,2,1,142,4
44,1,39,1,2,640,7
44,1,40,1,2,568,5
45,1,1,2,1,41,1
45,1,2,2,2,41,2
45,1,3,1,1,672,1
45,1,4,2,2,60,3
45,1,5,2,2,5,2
45,1,6,2,2,142,3
45,1,7,2,1,131,4
45,1,8,1,2,563,3
45,1,9,1,2,529,4
45,1,10,1,1,601,3
45,1,11,1,2,608,3
45,1,12,1,1,641,4
45,1,13,1,1,628,4
45,1,14,2,2,131,2
45,1,15,2,1,110,1
45,1,16,2,1,63,1
45,1,17,2,2,11,4
45,1,18,2,2,80,5
45,1,19,1,2,521,2
45,1,20,1,1,521,1
45,1,21,1,1,529,2
45,1,22,1,1,623,3
45,1,23,2,2,38,1
45,1,24,2,1,153,5
45,1,25,2,2,33,6
45,1,26,2,2,13,3
45,1,27,1,1,632,4
45,1,28,1,2,631,6
45,1,29,1,2,504,2
45,1,30,2,1,81,3
45,1,31,1,2,640,3
45,1,32,1,2,625,7
45,1,33,2,1,9,4
45,1,34,1,1,569,3
45,1,35,2,1,40,1
45,1,36,1,1,522,4
45,1,37,1,2,569,5
45,1,38,1,2,603,2
45,1,39,2,1,13,1
45,1,40,2,1,91,1
46,1,1,1,1,541,4
46,1,2,2,2,66,3
46,1,3,2,2,62,5
46,1,4,2,2,13,4
46,1,5,1,1,604,5
46,1,6,2,1,7,3
46,1,7,1,1,673,
46,1,8,1,2,533,4
46,1,9,2,1,52,5
46,1,10,1,1,641,3
46,1,11,2,2,150,3
46,1,12,2,1,62,5
46,1,13,1,1,638,2
46,1,14,2,2,141,3
46,1,15,2,1,66,4
46,1,16,2,2,105,
46,1,17,1,2,541,4
46,1,18,2,1,9,3
46,1,19,1,2,638,3
46,1,20,2,1,75,3
46,1,21,1,1,605,3
46,1,22,2,2,7,3
46,1,23,1,1,640,3
46,1,24,1,1,643,2
46,1,25,2,2,100,3
46,1,26,1,2,563,4
46,1,27,1,1,521,3
46,1,28,1,2,568,3
46,1,29,2,2,153,3
46,1,30,1,2,604,4
46,1,31,1,2,628,3
46,1,32,2,1,60,2
46,1,33,2,1,11,4
46,1,34,2,2,106,3
46,1,35,1,2,621,4
46,1,36,1,2,521,3
46,1,37,2,1,96,3
46,1,38,2,1,13,3
46,1,39,1,1,601,2
46,1,40,1,2,631,3
47,1,1,2,2,161,4
47,1,2,2,1,73,5
47,1,3,1,2,623,5
47,1,4,2,2,141,3
47,1,5,1,1,632,4
47,1,6,2,1,116,6
47,1,7,2,2,91,3
47,1,8,2,2,142,4
47,1,9,2,1,45,5
47,1,10,1,2,672,1
47,1,11,2,1,38,4
47,1,12,1,1,604,3
47,1,13,1,2,673,6
47,1,14,1,2,641,
47,1,15,2,2,73,4
47,1,16,1,1,512,5
47,1,17,1,1,601,6
47,1,18,2,2,11,5
47,1,19,2,1,8,7
47,1,20,2,2,62,4
47,1,21,1,1,643,5
47,1,22,2,1,57,5
47,1,23,1,2,621,2
47,1,24,1,1,672,1
47,1,25,2,2,57,6
47,1,26,2,1,40,5
47,1,27,1,2,568,3
47,1,28,2,1,9,4
47,1,29,1,1,628,5
47,1,30,1,1,638,3
47,1,31,2,1,142,5
47,1,32,2,2,68,5
47,1,33,1,2,601,6
47,1,34,1,2,512,3
47,1,35,1,2,504,5
47,1,36,2,2,81,6
47,1,37,2,1,43,3
47,1,38,1,1,605,5
47,1,39,1,1,621,5
47,1,40,1,2,640,5
48,1,1,1,2,512,5
48,1,2,2,2,100,
48,1,3,1,1,628,4
48,1,4,1,2,640,5
48,1,5,1,1,518,4
48,1,6,1,2,531,3
48,1,7,1,2,608,6
48,1,8,1,2,526,4
48,1,9,2,1,16,3
48,1,10,1,1,563,4
48,1,11,1,1,533,6
48,1,12,2,1,142,4
48,1,13,2,1,66,4
48,1,14,1,1,592,5
48,1,15,2,1,47,4
48,1,16,1,2,518,4
48,1,17,2,2,73,4
48,1,18,2,2,52,6
48,1,19,2,2,65,4
48,1,20,2,2,150,5
48,1,21,1,1,531,3
48,1,22,1,2,605,5
48,1,23,2,1,76,4
48,1,24,2,1,63,4
48,1,25,2,2,26,5
48,1,26,2,2,40,6
48,1,27,2,2,75,5
48,1,28,2,1,62,4
48,1,29,2,2,49,5
48,1,30,1,1,529,5
48,1,31,1,2,533,5
48,1,32,1,1,621,5
48,1,33,1,2,630,4
48,1,34,2,2,76,5
48,1,35,2,1,131,4
48,1,36,1,1,638,3
48,1,37,1,2,617,5
48,1,38,1,1,625,4
48,1,39,2,1,162,4
48,1,40,2,1,45,4
49,1,1,1,1,638,3
49,1,2,2,2,49,3
49,1,3,1,2,526,3
49,1,4,1,2,628,2
49,1,5,1,1,504,5
49,1,6,2,1,62,3
49,1,7,2,2,161,
49,1,8,2,2,71,5
49,1,9,2,2,69,5
49,1,10,1,1,569,3
49,1,11,1,2,568,2
49,1,12,2,1,131,2
49,1,13,1,2,604,
49,1,14,2,1,38,
49,1,15,1,1,518,2
49,1,16,2,2,131,2
49,1,17,1,1,604,2
49,1,18,2,2,9,2
49,1,19,1,2,673,5
49,1,20,2,1,70,3
49,1,21,1,1,631,5
49,1,22,1,2,521,7
49,1,23,1,2,592,6
49,1,24,2,1,45,5
49,1,25,2,2,11,5
49,1,26,1,1,601,6
49,1,27,1,1,623,5
49,1,28,1,2,512,5
49,1,29,2,1,98,4
49,1,30,2,1,26,
49,1,31,1,1,617,5
49,1,32,1,2,569,6
49,1,33,2,1,37,3
49,1,34,2,2,16,3
49,1,35,1,1,531,5
49,1,36,2,1,8,7
49,1,37,1,2,601,6
49,1,38,2,1,68,3
49,1,39,2,2,76,6
49,1,40,2,2,75,5
50,1,1,1,2,605,5
50,1,2,2,2,13,4
50,1,3,2,1,62,6
50,1,4,2,2,47,6
50,1,5,1,1,592,5
50,1,6,1,2,638,5
50,1,7,1,2,628,4
50,1,8,2,1,142,5
50,1,9,2,2,62,4
50,1,10,2,1,60,6
50,1,11,2,2,70,5
50,1,12,1,2,672,4
50,1,13,1,1,632,5
50,1,14,1,2,533,5
50,1,15,2,2,68,5
50,1,16,2,2,11,3
50,1,17,2,1,5,5
50,1,18,2,1,98,2
50,1,19,1,1,631,4
50,1,20,2,1,68,4
50,1,21,1,1,601,5
50,1,22,1,1,603,3
50,1,23,1,2,521,5
50,1,24,1,2,569,5
50,1,25,1,2,522,4
50,1,26,1,1,563,3
50,1,27,1,1,522,5
50,1,28,2,1,68,5
50,1,29,1,1,628,4
50,1,30,1,1,521,3
50,1,31,1,1,623,4
50,1,32,2,1,16,5
50,1,33,2,2,131,4
50,1,34,2,2,30,3
50,1,35,2,1,38,4
50,1,36,2,1,48,4
50,1,37,1,2,604,3
50,1,38,2,2,33,4
50,1,39,2,2,40,5
50,1,40,1,2,621,4
51,1,1,2,1,37,
51,1,2,2,1,86,4
51,1,3,1,2,631,3
51,1,4,2,1,116,3
51,1,5,1,2,640,4
51,1,6,2,2,150,3
51,1,7,2,1,49,3
51,1,8,2,2,73,3
51,1,9,2,2,65,3
51,1,10,1,2,641,3
51,1,11,2,1,57,3
51,1,12,2,1,63,3
51,1,13,1,2,605,4
51,1,14,1,2,623,4
51,1,15,1,1,592,3
51,1,16,1,1,621,4
51,1,17,2,2,52,4
51,1,18,2,2,63,4
51,1,19,1,1,608,3
51,1,20,2,1,7,3
51,1,21,1,2,531,3
51,1,22,1,1,631,4
51,1,23,2,2,76,4
51,1,24,1,2,529,3
51,1,25,1,2,541,3
51,1,26,2,2,11,3
51,1,27,1,1,643,3
51,1,28,2,2,75,3
51,1,29,1,1,605,4
51,1,30,2,2,7,3
51,1,31,1,1,522,3
51,1,32,2,1,105,4
51,1,33,2,1,45,4
51,1,34,1,2,625,3
51,1,35,2,1,150,3
51,1,36,1,1,638,3
51,1,37,1,2,518,3
51,1,38,1,1,531,2
51,1,39,2,2,20,4
51,1,40,1,1,601,4
52,1,1,2,1,8,2
52,1,2,2,1,161,2
52,1,3,2,2,26,4
52,1,4,2,1,63,4
52,1,5,2,1,26,4
52,1,6,2,2,20,2
52,1,7,1,1,603,4
52,1,8,2,2,57,5
52,1,9,2,1,60,4
52,1,10,1,2,617,6
52,1,11,2,2,63,4
52,1,12,2,1,68,5
52,1,13,1,1,592,5
52,1,14,1,2,632,5
52,1,15,1,1,522,6
52,1,16,2,1,111,5
52,1,17,1,1,521,3
52,1,18,1,2,608,5
52,1,19,2,2,60,4
52,1,20,1,1,526,5
52,1,21,2,2,142,6
52,1,22,1,2,673,4
52,1,23,2,1,62,5
52,1,24,1,2,569,6
52,1,25,2,1,45,5
52,1,26,2,1,105,6
52,1,27,1,2,568,6
52,1,28,1,2,518,6
52,1,29,1,1,569,4
52,1,30,2,2,9,4
52,1,31,1,2,563,5
52,1,32,1,1,632,5
52,1,33,2,2,13,5
52,1,34,1,1,623,5
52,1,35,1,1,518,5
52,1,36,1,2,512,5
52,1,37,2,2,162,6
52,1,38,1,1,640,3
52,1,39,2,2,49,5
52,1,40,1,2,605,4
53,1,1,2,2,63,
53,1,2,1,2,521,2
53,1,3,2,1,30,2
53,1,4,1,1,630,3
53,1,5,1,1,628,3
53,1,6,1,2,672,2
53,1,7,2,2,142,3
53,1,8,2,1,65,3
53,1,9,2,2,111,3
53,1,10,1,2,640,3
53,1,11,1,2,569,4
53,1,12,1,2,605,3
53,1,13,1,2,604,4
53,1,14,2,1,81,4
53,1,15,1,2,568,3
53,1,16,1,2,632,3
53,1,17,1,2,630,2
53,1,18,2,1,40,4
53,1,19,2,2,16,2
53,1,20,2,1,9,3
53,1,21,2,1,13,4
53,1,22,2,2,60,
53,1,23,2,2,96,4
53,1,24,1,1,601,5
53,1,25,1,1,625,3
53,1,26,1,1,605,4
53,1,27,2,1,48,3
53,1,28,2,1,71,4
53,1,29,1,1,521,3
53,1,30,2,1,70,4
53,1,31,2,2,43,4
53,1,32,2,2,37,4
53,1,33,2,1,111,
53,1,34,2,2,76,
53,1,35,1,1,623,
53,1,36,1,1,608,5
53,1,37,1,2,531,4
53,1,38,1,1,617,4
53,1,39,1,1,529,3
53,1,40,2,2,30,3
501,2,1,1,2,617,4
501,2,2,1,1,521,5
501,2,3,1,2,563,5
501,2,4,2,2,5,6
501,2,5,2,1,40,4
501,2,6,2,1,80,4
501,2,7,2,2,65,5
501,2,8,1,1,608,6
501,2,9,1,2,621,4
501,2,10,1,1,592,4
501,2,11,2,2,7,4
501,2,12,1,1,638,6
501,2,13,1,2,529,4
501,2,14,1,1,563,6
501,2,15,2,1,42,3
501,2,16,2,2,98,4
501,2,17,2,2,45,4
501,2,18,1,2,518,3
501,2,19,2,1,45,5
501,2,20,2,2,141,4
501,2,21,1,1,568,5
501,2,22,2,1,68,3
501,2,23,2,2,9,5
501,2,24,2,1,43,5
501,2,25,2,2,13,4
501,2,26,1,1,531,5
501,2,27,1,1,604,5
501,2,28,1,2,632,6
501,2,29,1,1,623,6
501,2,30,2,1,61,5
501,2,31,1,2,533,4
501,2,32,2,1,76,5
501,2,33,1,2,512,4
501,2,34,2,1,63,3
501,2,35,1,1,526,6
501,2,36,2,2,57,4
501,2,37,2,1,20,3
501,2,38,2,2,161,5
501,2,39,1,2,625,4
501,2,40,1,2,526,6
502,2,1,2,2,106,6
502,2,2,1,2,621,5
502,2,3,1,1,563,5
502,2,4,2,1,73,7
502,2,5,2,1,86,5
502,2,6,2,2,47,6
502,2,7,2,2,66,5
502,2,8,2,2,69,7
502,2,9,2,2,62,6
502,2,10,1,1,518,6
502,2,11,1,2,592,2
502,2,12,2,1,71,2
502,2,13,1,2,605,6
502,2,14,1,2,504,4
502,2,15,1,1,623,4
502,2,16,1,1,640,3
502,2,17,1,2,628,6
502,2,18,2,1,109,5
502,2,19,1,2,603,6
502,2,20,2,2,65,4
502,2,21,1,1,533,4
502,2,22,2,1,153,6
502,2,23,1,1,504,5
502,2,24,2,2,81,7
502,2,25,2,1,106,7
502,2,26,1,2,601,7
502,2,27,1,2,643,2
502,2,28,2,1,96,3
502,2,29,2,2,98,3
502,2,30,2,2,86,6
502,2,31,1,2,604,5
502,2,32,2,1,9,7
502,2,33,1,2,608,4
502,2,34,1,1,630,3
502,2,35,1,1,625,2
502,2,36,2,1,30,3
502,2,37,2,2,96,4
502,2,38,1,1,673,6
502,2,39,2,1,76,7
502,2,40,1,1,638,7
503,2,1,1,1,569,2
503,2,2,2,1,70,1
503,2,3,1,2,617,4
503,2,4,1,2,504,3
503,2,5,2,2,91,4
503,2,6,1,1,604,3
503,2,7,1,1,529,4
503,2,8,2,2,96,4
503,2,9,1,1,641,2
503,2,10,2,2,52,2
503,2,11,1,2,632,3
503,2,12,2,1,71,3
503,2,13,1,2,608,4
503,2,14,1,1,621,4
503,2,15,2,2,76,6
503,2,16,2,1,109,3
503,2,17,2,1,81,6
503,2,18,1,2,623,5
503,2,19,2,1,13,3
503,2,20,2,1,42,3
503,2,21,2,1,80,3
503,2,22,1,1,638,3
503,2,23,2,2,80,4
503,2,24,1,2,521,4
503,2,25,2,1,48,
503,2,26,1,2,518,4
503,2,27,2,2,42,6
503,2,28,2,2,109,5
503,2,29,1,2,640,6
503,2,30,2,2,16,5
503,2,31,1,1,625,4
503,2,32,2,2,30,6
503,2,33,1,2,533,6
503,2,34,2,1,41,4
503,2,35,2,1,38,3
503,2,36,1,1,522,4
503,2,37,2,2,100,4
503,2,38,1,2,605,6
503,2,39,1,1,512,4
503,2,40,1,1,563,4
504,2,1,1,1,673,5
504,2,2,2,2,38,3
504,2,3,2,1,100,4
504,2,4,2,2,150,3
504,2,5,1,1,526,4
504,2,6,1,2,632,5
504,2,7,1,2,625,4
504,2,8,1,1,521,3
504,2,9,1,1,623,4
504,2,10,2,1,80,5
504,2,11,2,1,116,3
504,2,12,1,2,672,4
504,2,13,2,2,141,2
504,2,14,2,2,52,4
504,2,15,1,1,631,5
504,2,16,1,1,533,4
504,2,17,1,2,526,5
504,2,18,2,1,38,2
504,2,19,1,2,605,5
504,2,20,2,1,8,4
504,2,21,1,2,640,4
504,2,22,2,2,100,4
504,2,23,2,1,111,5
504,2,24,2,1,42,4
504,2,25,1,1,531,4
504,2,26,1,2,563,4
504,2,27,2,2,60,5
504,2,28,2,2,5,3
504,2,29,1,2,631,3
504,2,30,1,1,603,2
504,2,31,1,2,643,5
504,2,32,1,2,541,2
504,2,33,2,2,65,2
504,2,34,2,1,131,2
504,2,35,2,1,81,2
504,2,36,1,1,569,2
504,2,37,1,1,541,4
504,2,38,2,1,57,5
504,2,39,2,2,66,3
504,2,40,2,2,30,4
505,2,1,2,2,41,4
505,2,2,1,2,541,5
505,2,3,1,1,512,3
505,2,4,1,2,621,3
505,2,5,1,1,608,4
505,2,6,1,2,568,5
505,2,7,2,1,7,4
505,2,8,2,2,80,5
505,2,9,1,2,526,4
505,2,10,1,1,504,5
505,2,11,1,2,563,3
505,2,12,1,1,623,4
505,2,13,2,2,69,3
505,2,14,2,1,73,5
505,2,15,2,1,8,2
505,2,16,2,2,47,4
505,2,17,2,2,76,3
505,2,18,2,2,8,2
505,2,19,2,1,111,4
505,2,20,1,1,601,3
505,2,21,1,1,617,4
505,2,22,2,2,65,2
505,2,23,2,1,43,4
505,2,24,1,1,526,
505,2,25,2,1,69,3
505,2,26,1,2,504,5
505,2,27,1,2,601,3
505,2,28,2,1,42,4
505,2,29,1,1,605,3
505,2,30,1,1,640,4
505,2,31,2,1,106,3
505,2,32,2,1,75,
505,2,33,2,2,111,5
505,2,34,1,1,673,3
505,2,35,2,2,142,3
505,2,36,1,2,631,3
505,2,37,2,1,113,4
505,2,38,1,2,623,4
505,2,39,2,2,150,4
505,2,40,1,2,521,3
506,2,1,2,2,26,3
506,2,2,1,2,623,3
506,2,3,1,2,512,6
506,2,4,2,2,40,4
506,2,5,2,2,52,3
506,2,6,1,1,569,2
506,2,7,1,2,628,2
506,2,8,2,1,100,4
506,2,9,2,2,9,5
506,2,10,1,1,623,6
506,2,11,1,1,512,7
506,2,12,1,1,632,5
506,2,13,2,1,49,3
506,2,14,1,1,621,4
506,2,15,1,2,641,3
506,2,16,2,2,7,5
506,2,17,1,2,630,3
506,2,18,1,1,592,1
506,2,19,2,1,7,3
506,2,20,2,1,142,1
506,2,21,2,1,60,1
506,2,22,2,2,8,2
506,2,23,1,1,630,3
506,2,24,1,2,638,3
506,2,25,2,1,66,2
506,2,26,1,2,621,5
506,2,27,1,1,631,5
506,2,28,2,1,91,3
506,2,29,2,2,111,2
506,2,30,2,1,9,2
506,2,31,1,2,526,2
506,2,32,1,1,563,2
506,2,33,2,1,43,2
506,2,34,2,2,131,2
506,2,35,1,2,533,5
506,2,36,2,1,57,5
506,2,37,2,2,43,6
506,2,38,1,2,632,3
506,2,39,2,2,38,1
506,2,40,1,1,641,1
507,2,1,1,1,518,2
507,2,2,2,1,91,5
507,2,3,2,2,150,4
507,2,4,1,2,569,5
507,2,5,1,1,621,6
507,2,6,2,1,71,6
507,2,7,2,2,16,5
507,2,8,1,1,533,5
507,2,9,1,2,603,5
507,2,10,2,2,8,6
507,2,11,1,2,621,5
507,2,12,2,1,13,6
507,2,13,2,1,75,5
507,2,14,1,2,631,6
507,2,15,2,1,66,3
507,2,16,1,1,625,4
507,2,17,2,2,100,5
507,2,18,1,2,521,6
507,2,19,2,1,110,4
507,2,20,1,1,628,6
507,2,21,1,1,605,5
507,2,22,1,2,630,5
507,2,23,2,2,47,6
507,2,24,2,1,8,2
507,2,25,1,2,512,4
507,2,26,1,1,521,6
507,2,27,2,1,105,3
507,2,28,1,1,641,4
507,2,29,1,1,563,5
507,2,30,2,2,111,4
507,2,31,1,2,672,6
507,2,32,2,2,76,6
507,2,33,2,2,98,4
507,2,34,1,2,531,7
507,2,35,2,1,100,6
507,2,36,2,2,13,4
507,2,37,1,1,604,5
507,2,38,2,2,63,5
507,2,39,1,2,608,6
507,2,40,2,1,68,4
508,2,1,2,2,150,5
508,2,2,1,1,563,4
508,2,3,2,2,161,3
508,2,4,2,1,33,4
508,2,5,1,2,533,5
508,2,6,1,1,617,3
508,2,7,1,1,625,3
508,2,8,2,1,13,4
508,2,9,2,2,37,3
508,2,10,2,1,37,2
508,2,11,1,2,631,5
508,2,12,2,2,61,5
508,2,13,2,2,52,4
508,2,14,1,1,605,5
508,2,15,1,1,533,6
508,2,16,2,1,57,5
508,2,17,1,2,630,4
508,2,18,1,1,522,4
508,2,19,2,1,86,3
508,2,20,1,2,531,3
508,2,21,2,2,111,5
508,2,22,1,1,531,4
508,2,23,1,2,563,3
508,2,24,1,2,625,4
508,2,25,1,2,522,5
508,2,26,2,1,45,5
508,2,27,1,2,521,6
508,2,28,2,2,47,5
508,2,29,1,1,673,4
508,2,30,1,2,518,3
508,2,31,2,1,20,3
508,2,32,2,1,9,3
508,2,33,2,2,100,4
508,2,34,1,1,643,2
508,2,35,2,1,63,2
508,2,36,1,2,605,5
508,2,37,2,2,70,4
508,2,38,2,1,47,3
508,2,39,2,2,71,5
508,2,40,1,1,608,4
509,2,1,2,1,37,
509,2,2,1,2,630,3
509,2,3,1,2,625,3
509,2,4,2,1,76,5
509,2,5,2,2,96,6
509,2,6,1,1,638,2
509,2,7,2,1,150,2
509,2,8,2,2,43,6
509,2,9,2,2,91,6
509,2,10,2,1,60,6
509,2,11,1,1,531,3
509,2,12,2,2,66,5
509,2,13,1,1,592,7
509,2,14,1,2,533,7
509,2,15,1,2,608,6
509,2,16,1,1,529,5
509,2,17,2,2,63,3
509,2,18,1,2,617,6
509,2,19,2,1,73,5
509,2,20,2,2,105,5
509,2,21,1,1,608,6
509,2,22,2,1,113,3
509,2,23,2,1,161,2
509,2,24,2,2,80,7
509,2,25,2,1,162,2
509,2,26,1,2,522,6
509,2,27,1,2,504,7
509,2,28,1,1,569,5
509,2,29,1,1,630,3
509,2,30,2,1,91,4
509,2,31,2,2,49,5
509,2,32,1,1,621,5
509,2,33,2,2,75,5
509,2,34,1,1,518,3
509,2,35,1,2,641,3
509,2,36,2,2,141,6
509,2,37,1,1,673,7
509,2,38,2,1,153,6
509,2,39,1,2,640,7
509,2,40,1,2,569,6
510,2,1,2,2,57,3
510,2,2,2,2,47,4
510,2,3,1,2,569,3
510,2,4,2,2,41,3
510,2,5,1,2,672,2
510,2,6,1,2,529,5
510,2,7,2,1,45,6
510,2,8,2,2,142,5
510,2,9,1,1,617,5
510,2,10,2,1,49,4
510,2,11,2,2,105,6
510,2,12,1,2,631,6
510,2,13,1,1,632,5
510,2,14,1,1,563,6
510,2,15,2,1,11,6
510,2,16,1,1,504,4
510,2,17,1,1,592,7
510,2,18,1,1,604,6
510,2,19,1,1,623,3
510,2,20,2,1,110,2
510,2,21,2,1,98,5
510,2,22,2,1,75,3
510,2,23,2,1,30,3
510,2,24,2,1,63,2
510,2,25,2,2,113,1
510,2,26,1,1,518,2
510,2,27,2,2,30,6
510,2,28,2,2,68,5
510,2,29,1,1,568,3
510,2,30,2,2,73,4
510,2,31,1,2,641,3
510,2,32,1,2,603,6
510,2,33,2,1,162,6
510,2,34,1,2,605,4
510,2,35,2,2,86,3
510,2,36,1,2,533,5
510,2,37,1,1,640,6
510,2,38,1,2,541,4
510,2,39,2,1,141,1
510,2,40,1,2,628,3
511,2,1,2,2,98,4
511,2,2,1,1,638,4
511,2,3,2,2,153,5
511,2,4,1,2,638,4
511,2,5,1,1,640,5
511,2,6,1,2,632,5
511,2,7,2,1,110,
511,2,8,1,2,623,5
511,2,9,2,2,105,3
511,2,10,2,1,45,2
511,2,11,1,1,608,5
511,2,12,2,1,70,4
511,2,13,1,2,568,4
511,2,14,1,1,533,5
511,2,15,1,1,512,6
511,2,16,2,2,60,5
511,2,17,1,1,643,3
511,2,18,1,1,531,3
511,2,19,2,1,66,1
511,2,20,1,2,673,5
511,2,21,2,1,11,3
511,2,22,2,2,61,4
511,2,23,2,2,80,4
511,2,24,1,2,512,5
511,2,25,1,1,672,5
511,2,26,2,2,73,5
511,2,27,2,1,162,3
511,2,28,2,1,40,3
511,2,29,1,2,531,3
511,2,30,2,2,109,3
511,2,31,2,2,5,3
511,2,32,1,2,504,5
511,2,33,2,2,69,4
511,2,34,2,1,141,3
511,2,35,1,1,592,4
511,2,36,1,1,521,4
511,2,37,2,1,37,3
511,2,38,2,1,13,3
511,2,39,1,2,569,4
511,2,40,1,2,643,4
512,2,1,1,2,568,3
512,2,2,1,1,630,5
512,2,3,2,1,69,6
512,2,4,1,1,526,5
512,2,5,2,2,30,7
512,2,6,1,1,569,4
512,2,7,2,2,91,3
512,2,8,1,1,521,1
512,2,9,2,1,91,5
512,2,10,2,1,116,6
512,2,11,2,1,96,6
512,2,12,2,1,142,4
512,2,13,2,2,47,5
512,2,14,1,2,628,4
512,2,15,2,2,131,3
512,2,16,1,2,641,4
512,2,17,1,2,617,6
512,2,18,1,2,631,2
512,2,19,1,1,605,3
512,2,20,1,2,592,4
512,2,21,2,2,142,3
512,2,22,1,1,641,1
512,2,23,2,2,65,2
512,2,24,1,2,638,4
512,2,25,2,2,71,5
512,2,26,1,1,608,3
512,2,27,2,1,8,3
512,2,28,1,1,625,2
512,2,29,2,1,109,3
512,2,30,1,2,672,2
512,2,31,2,2,80,4
512,2,32,2,2,153,5
512,2,33,1,1,672,1
512,2,34,2,1,131,3
512,2,35,2,1,61,5
512,2,36,1,2,533,6
512,2,37,2,2,9,5
512,2,38,1,1,518,2
512,2,39,2,1,9,1
512,2,40,1,2,522,6
513,2,1,1,2,569,3
513,2,2,1,2,531,2
513,2,3,2,2,150,2
513,2,4,2,1,48,3
513,2,5,2,2,109,4
513,2,6,1,2,608,4
513,2,7,2,2,96,4
513,2,8,1,1,605,3
513,2,9,2,1,69,3
513,2,10,1,1,625,2
513,2,11,1,2,529,4
513,2,12,1,1,533,4
513,2,13,2,2,13,4
513,2,14,2,1,42,3
513,2,15,1,1,563,2
513,2,16,1,1,522,3
513,2,17,1,2,628,4
513,2,18,2,1,131,2
513,2,19,2,2,106,5
513,2,20,2,1,162,4
513,2,21,1,2,632,5
513,2,22,2,2,161,3
513,2,23,1,1,672,2
513,2,24,2,2,8,1
513,2,25,2,1,66,1
513,2,26,2,1,65,1
513,2,27,1,1,631,4
513,2,28,1,2,563,5
513,2,29,1,2,604,4
513,2,30,2,1,91,3
513,2,31,1,1,617,5
513,2,32,1,2,526,5
513,2,33,2,2,9,4
513,2,34,1,2,601,5
513,2,35,1,1,621,5
513,2,36,1,1,632,3
513,2,37,2,1,98,2
513,2,38,2,2,131,2
513,2,39,2,1,13,3
513,2,40,2,2,81,5
514,2,1,2,1,48,2
514,2,2,2,1,33,2
514,2,3,1,2,512,3
514,2,4,2,1,113,3
514,2,5,1,2,601,2
514,2,6,1,1,604,3
514,2,7,2,1,65,4
514,2,8,2,2,96,5
514,2,9,1,1,617,4
514,2,10,2,2,49,4
514,2,11,1,1,521,5
514,2,12,2,1,57,5
514,2,13,1,1,632,3
514,2,14,1,2,518,4
514,2,15,2,2,38,2
514,2,16,1,2,673,5
514,2,17,1,2,625,4
514,2,18,1,2,605,4
514,2,19,1,2,617,3
514,2,20,2,2,41,4
514,2,21,1,1,526,4
514,2,22,2,1,40,2
514,2,23,2,2,62,2
514,2,24,1,1,603,4
514,2,25,2,2,73,5
514,2,26,2,1,42,5
514,2,27,2,1,26,4
514,2,28,2,2,76,4
514,2,29,2,2,40,3
514,2,30,1,1,533,5
514,2,31,1,1,569,5
514,2,32,1,2,526,4
514,2,33,1,1,630,3
514,2,34,1,1,512,5
514,2,35,1,2,608,3
514,2,36,2,1,73,2
514,2,37,2,2,13,4
514,2,38,1,2,623,4
514,2,39,2,2,68,2
514,2,40,2,1,69,3
515,2,1,1,1,673,5
515,2,2,1,2,569,2
515,2,3,1,2,625,2
515,2,4,2,2,20,2
515,2,5,2,2,116,2
515,2,6,2,1,100,4
515,2,7,2,1,116,4
515,2,8,2,1,16,1
515,2,9,2,1,41,5
515,2,10,1,2,592,4
515,2,11,1,2,601,5
515,2,12,2,1,65,1
515,2,13,2,2,7,6
515,2,14,1,1,518,1
515,2,15,2,2,68,4
515,2,16,1,2,526,7
515,2,17,1,2,512,6
515,2,18,1,2,623,5
515,2,19,1,2,640,3
515,2,20,1,1,603,2
515,2,21,2,1,61,5
515,2,22,1,1,521,6
515,2,23,1,1,640,4
515,2,24,2,2,37,4
515,2,25,2,1,8,3
515,2,26,2,2,52,3
515,2,27,1,1,625,2
515,2,28,2,2,141,6
515,2,29,2,2,150,4
515,2,30,2,1,37,4
515,2,31,1,1,592,5
515,2,32,1,2,631,6
515,2,33,1,1,672,5
515,2,34,1,1,617,4
515,2,35,2,1,38,2
515,2,36,2,1,63,5
515,2,37,1,1,512,6
515,2,38,2,2,96,6
515,2,39,1,2,541,5
515,2,40,2,2,98,6
516,2,1,2,2,26,3
516,2,2,2,2,116,5
516,2,3,1,2,531,5
516,2,4,1,2,604,3
516,2,5,1,1,632,5
516,2,6,2,1,100,2
516,2,7,1,2,640,6
516,2,8,2,1,7,4
516,2,9,2,1,81,5
516,2,10,2,1,109,2
516,2,11,2,2,63,2
516,2,12,1,1,604,2
516,2,13,1,2,630,3
516,2,14,2,2,30,5
516,2,15,2,1,106,3
516,2,16,2,1,42,5
516,2,17,1,2,672,2
516,2,18,1,1,512,2
516,2,19,1,2,601,6
516,2,20,2,1,43,3
516,2,21,2,1,16,3
516,2,22,2,2,48,5
516,2,23,1,2,643,4
516,2,24,1,2,621,4
516,2,25,2,1,65,2
516,2,26,2,2,45,3
516,2,27,1,2,521,3
516,2,28,1,1,641,2
516,2,29,2,2,57,5
516,2,30,1,1,569,3
516,2,31,2,2,109,3
516,2,32,1,1,617,3
516,2,33,1,2,526,4
516,2,34,1,1,592,2
516,2,35,2,2,161,5
516,2,36,2,2,9,3
516,2,37,2,1,111,3
516,2,38,1,1,643,3
516,2,39,1,1,623,
516,2,40,1,1,533,6
517,2,1,1,2,673,
517,2,2,1,1,641,2
517,2,3,1,1,608,5
517,2,4,1,2,672,4
517,2,5,1,2,623,5
517,2,6,2,1,60,5
517,2,7,1,2,522,5
517,2,8,2,2,11,3
517,2,9,2,1,73,3
517,2,10,1,1,673,4
517,2,11,2,2,96,5
517,2,12,2,2,69,4
517,2,13,2,1,62,2
517,2,14,1,2,533,4
517,2,15,2,2,42,3
517,2,16,1,1,640,2
517,2,17,2,1,76,3
517,2,18,2,1,63,3
517,2,19,2,2,62,3
517,2,20,1,2,541,4
517,2,21,2,2,98,3
517,2,22,1,2,617,4
517,2,23,1,1,526,4
517,2,24,1,2,641,3
517,2,25,1,1,672,2
517,2,26,2,2,71,4
517,2,27,1,2,643,5
517,2,28,1,1,601,5
517,2,29,1,2,563,3
517,2,30,1,1,638,3
517,2,31,1,1,504,3
517,2,32,2,1,100,3
517,2,33,2,1,86,2
517,2,34,2,1,13,2
517,2,35,2,2,141,3
517,2,36,2,1,26,3
517,2,37,2,2,142,3
517,2,38,1,1,592,4
517,2,39,2,2,68,3
517,2,40,2,1,40,5
518,2,1,2,1,20,3
518,2,2,2,1,62,4
518,2,3,2,2,43,5
518,2,4,2,2,20,4
518,2,5,1,2,592,5
518,2,6,1,1,672,3
518,2,7,2,2,30,5
518,2,8,2,1,57,5
518,2,9,2,1,26,4
518,2,10,2,2,8,5
518,2,11,2,2,48,6
518,2,12,1,2,529,6
518,2,13,1,1,541,5
518,2,14,2,1,96,4
518,2,15,1,2,521,6
518,2,16,1,1,643,4
518,2,17,1,2,631,6
518,2,18,2,1,111,
518,2,19,2,1,109,6
518,2,20,1,2,601,7
518,2,21,2,1,73,4
518,2,22,2,2,16,4
518,2,23,1,1,529,5
518,2,24,2,2,63,4
518,2,25,1,1,605,4
518,2,26,1,1,522,6
518,2,27,1,2,617,4
518,2,28,1,2,673,5
518,2,29,2,2,61,6
518,2,30,1,1,521,4
518,2,31,2,2,7,6
518,2,32,1,2,603,3
518,2,33,2,2,86,6
518,2,34,1,2,630,5
518,2,35,2,1,142,4
518,2,36,1,1,617,3
518,2,37,1,1,608,5
518,2,38,1,1,638,3
518,2,39,1,2,569,4
518,2,40,2,1,45,2
520,2,1,1,1,563,2
520,2,2,1,2,605,2
520,2,3,2,1,49,2
520,2,4,2,2,161,2
520,2,5,1,1,630,2
520,2,6,2,2,75,5
520,2,7,1,1,521,2
520,2,8,2,2,142,3
520,2,9,2,1,60,5
520,2,10,1,2,521,2
520,2,11,1,1,628,4
520,2,12,2,2,80,4
520,2,13,1,2,512,
520,2,14,1,2,568,5
520,2,15,1,2,563,4
520,2,16,2,1,7,4
520,2,17,2,2,20,5
520,2,18,2,1,81,5
520,2,19,1,1,529,3
520,2,20,2,1,41,6
520,2,21,2,1,150,2
520,2,22,1,2,592,6
520,2,23,1,1,673,3
520,2,24,2,1,33,4
520,2,25,1,1,522,3
520,2,26,2,2,162,4
520,2,27,1,2,522,6
520,2,28,1,2,631,5
520,2,29,1,1,512,3
520,2,30,1,1,638,2
520,2,31,2,2,42,5
520,2,32,2,2,26,4
520,2,33,1,2,641,3
520,2,34,2,1,100,6
520,2,35,2,1,91,4
520,2,36,2,1,38,3
520,2,37,2,2,33,6
520,2,38,1,1,640,3
520,2,39,1,2,569,3
520,2,40,2,2,13,5
521,2,1,2,2,91,4
521,2,2,1,1,625,5
521,2,3,1,2,601,5
521,2,4,2,2,52,5
521,2,5,2,2,11,5
521,2,6,1,2,603,6
521,2,7,1,2,521,5
521,2,8,2,1,150,3
521,2,9,2,1,57,5
521,2,10,2,1,68,5
521,2,11,1,1,518,4
521,2,12,2,2,60,6
521,2,13,2,1,69,5
521,2,14,1,1,630,3
521,2,15,2,2,48,4
521,2,16,2,1,131,3
521,2,17,2,2,141,5
521,2,18,1,1,541,5
521,2,19,2,1,20,5
521,2,20,2,1,110,3
521,2,21,1,2,531,6
521,2,22,2,2,142,3
521,2,23,2,1,60,3
521,2,24,1,2,604,3
521,2,25,1,1,621,3
521,2,26,1,2,605,5
521,2,27,2,1,76,3
521,2,28,1,1,521,5
521,2,29,1,1,672,5
521,2,30,2,2,71,4
521,2,31,1,2,628,3
521,2,32,2,1,86,3
521,2,33,1,1,568,3
521,2,34,1,1,504,3
521,2,35,2,2,8,5
521,2,36,1,2,518,2
521,2,37,2,2,75,5
521,2,38,1,2,632,4
521,2,39,1,2,638,3
521,2,40,1,1,632,4
522,2,1,1,2,522,5
522,2,2,2,2,100,3
522,2,3,1,1,623,4
522,2,4,2,2,62,2
522,2,5,2,2,80,3
522,2,6,1,2,625,2
522,2,7,1,1,621,
522,2,8,1,1,533,3
522,2,9,2,2,76,1
522,2,10,2,2,110,
522,2,11,2,1,26,
522,2,12,2,2,52,2
522,2,13,1,2,605,3
522,2,14,1,1,630,1
522,2,15,1,2,563,2
522,2,16,2,1,106,1
522,2,17,2,2,8,5
522,2,18,1,2,643,3
522,2,19,1,1,563,1
522,2,20,2,1,76,2
522,2,21,1,2,640,5
522,2,22,1,1,617,2
522,2,23,1,1,592,5
522,2,24,1,2,521,4
522,2,25,2,2,11,5
522,2,26,1,2,526,3
522,2,27,1,1,643,3
522,2,28,2,1,162,1
522,2,29,1,1,541,5
522,2,30,2,1,37,4
522,2,31,2,1,11,3
522,2,32,1,2,630,
522,2,33,2,1,5,2
522,2,34,2,1,52,5
522,2,35,1,2,533,6
522,2,36,2,1,109,2
522,2,37,1,1,641,1
522,2,38,2,2,13,3
522,2,39,2,1,131,2
522,2,40,2,2,9,2
523,2,1,2,1,47,2
523,2,2,2,2,96,1
523,2,3,1,2,563,1
523,2,4,1,1,569,2
523,2,5,2,2,41,5
523,2,6,2,1,110,2
523,2,7,1,2,673,6
523,2,8,1,1,630,2
523,2,9,2,2,47,6
523,2,10,2,1,43,3
523,2,11,1,1,522,3
523,2,12,1,2,631,2
523,2,13,1,2,608,7
523,2,14,1,1,673,7
523,2,15,1,1,526,3
523,2,16,2,1,68,2
523,2,17,1,1,518,2
523,2,18,1,2,568,2
523,2,19,2,1,63,4
523,2,20,1,1,504,1
523,2,21,2,1,26,5
523,2,22,2,2,109,2
523,2,23,2,2,100,2
523,2,24,1,2,521,2
523,2,25,2,2,40,2
523,2,26,2,2,68,2
523,2,27,2,2,81,3
523,2,28,1,2,522,6
523,2,29,2,1,100,2
523,2,30,2,1,45,4
523,2,31,1,2,640,7
523,2,32,2,2,111,2
523,2,33,1,1,623,2
523,2,34,2,1,41,6
523,2,35,2,2,30,7
523,2,36,1,2,603,5
523,2,37,1,1,568,3
523,2,38,1,2,512,6
523,2,39,1,1,512,2
523,2,40,2,1,9,1
524,2,1,2,1,48,6
524,2,2,2,1,98,4
524,2,3,2,2,38,5
524,2,4,2,2,96,6
524,2,5,1,1,621,5
524,2,6,1,2,672,4
524,2,7,2,2,11,5
524,2,8,2,2,153,4
524,2,9,1,1,604,5
524,2,10,1,1,673,4
524,2,11,2,2,45,5
524,2,12,1,1,617,4
524,2,13,2,1,76,5
524,2,14,2,2,162,4
524,2,15,2,1,8,5
524,2,16,1,2,601,4
524,2,17,1,2,640,3
524,2,18,1,1,521,3
524,2,19,2,2,68,4
524,2,20,1,2,512,4
524,2,21,1,1,569,3
524,2,22,2,1,111,4
524,2,23,2,2,26,4
524,2,24,2,1,109,4
524,2,25,1,2,617,4
524,2,26,1,2,526,5
524,2,27,2,1,60,4
524,2,28,1,2,673,3
524,2,29,2,2,9,4
524,2,30,2,1,37,4
524,2,31,1,1,504,4
524,2,32,1,2,531,5
524,2,33,2,1,80,4
524,2,34,2,2,20,5
524,2,35,1,2,541,5
524,2,36,1,2,521,3
524,2,37,2,1,73,3
524,2,38,1,1,632,
524,2,39,1,1,563,3
524,2,40,1,1,640,3
525,2,1,1,2,518,4
525,2,2,1,1,526,2
525,2,3,1,2,512,6
525,2,4,2,1,113,4
525,2,5,2,1,153,6
525,2,6,2,1,71,5
525,2,7,1,1,531,4
525,2,8,2,2,66,4
525,2,9,1,1,601,5
525,2,10,1,2,521,5
525,2,11,1,1,604,4
525,2,12,2,2,60,5
525,2,13,1,1,672,3
525,2,14,2,1,69,6
525,2,15,1,1,673,6
525,2,16,2,2,131,6
525,2,17,1,1,632,4
525,2,18,2,2,20,2
525,2,19,2,2,110,4
525,2,20,2,1,37,3
525,2,21,1,2,529,5
525,2,22,1,2,628,4
525,2,23,1,2,632,4
525,2,24,2,1,30,4
525,2,25,1,2,623,3
525,2,26,2,2,41,6
525,2,27,1,2,621,4
525,2,28,1,2,673,6
525,2,29,2,2,98,3
525,2,30,2,2,38,3
525,2,31,1,2,563,4
525,2,32,1,1,521,3
525,2,33,2,1,63,1
525,2,34,2,1,11,6
525,2,35,2,2,48,6
525,2,36,2,1,38,4
525,2,37,2,1,86,3
525,2,38,1,1,621,4
525,2,39,1,1,623,4
525,2,40,2,2,16,4
527,2,1,2,2,162,1
527,2,2,1,2,632,1
527,2,3,2,2,49,3
527,2,4,2,2,20,3
527,2,5,2,2,73,2
527,2,6,2,1,45,4
527,2,7,1,2,569,2
527,2,8,1,1,541,4
527,2,9,1,1,638,4
527,2,10,1,1,531,5
527,2,11,2,2,47,5
527,2,12,1,2,640,4
527,2,13,1,1,592,3
527,2,14,2,1,42,3
527,2,15,1,2,529,4
527,2,16,1,1,617,4
527,2,17,1,2,623,4
527,2,18,2,2,69,5
527,2,19,2,1,81,3
527,2,20,1,1,569,2
527,2,21,1,2,630,3
527,2,22,1,1,625,4
527,2,23,1,2,672,3
527,2,24,2,1,33,4
527,2,25,2,2,16,4
527,2,26,2,1,71,5
527,2,27,1,2,605,5
527,2,28,2,2,63,3
527,2,29,2,1,49,2
527,2,30,2,1,11,1
527,2,31,2,1,63,2
527,2,32,2,2,80,5
527,2,33,1,2,512,5
527,2,34,2,1,40,3
527,2,35,1,1,632,5
527,2,36,2,1,47,4
527,2,37,1,1,521,5
527,2,38,1,1,603,2
527,2,39,1,2,673,6
527,2,40,2,2,111,4
528,2,1,1,2,541,3
528,2,2,1,1,604,1
528,2,3,1,1,518,1
528,2,4,1,2,628,1
528,2,5,1,2,529,2
528,2,6,2,2,20,2
528,2,7,1,1,529,1
528,2,8,2,2,47,3
528,2,9,2,1,57,2
528,2,10,1,1,641,2
528,2,11,1,2,592,4
528,2,12,2,2,150,1
528,2,13,1,1,521,3
528,2,14,1,2,563,2
528,2,15,2,2,105,2
528,2,16,2,1,75,3
528,2,17,2,1,142,1
528,2,18,2,2,76,5
528,2,19,2,1,81,3
528,2,20,1,1,592,5
528,2,21,2,2,26,2
528,2,22,2,1,162,2
528,2,23,1,1,630,1
528,2,24,2,1,141,4
528,2,25,1,2,608,3
528,2,26,1,1,640,3
528,2,27,2,2,45,3
528,2,28,2,1,65,1
528,2,29,1,2,518,2
528,2,30,1,1,672,1
528,2,31,1,2,638,2
528,2,32,1,1,625,2
528,2,33,1,2,672,3
528,2,34,2,2,69,2
528,2,35,2,1,161,1
528,2,36,2,1,91,6
528,2,37,2,1,113,3
528,2,38,2,2,52,3
528,2,39,2,2,16,1
528,2,40,1,2,641,1
529,2,1,2,1,110,
529,2,2,2,2,65,5
529,2,3,2,1,66,3
529,2,4,2,1,100,6
529,2,5,1,1,617,5
529,2,6,1,1,623,5
529,2,7,1,1,601,6
529,2,8,2,2,26,
529,2,9,1,2,628,3
529,2,10,2,2,42,2
529,2,11,1,2,621,7
529,2,12,1,1,643,2
529,2,13,1,1,522,5
529,2,14,1,1,526,4
529,2,15,1,2,504,6
529,2,16,1,2,623,3
529,2,17,2,1,49,1
529,2,18,2,1,71,2
529,2,19,2,2,41,6
529,2,20,2,1,81,3
529,2,21,1,2,641,5
529,2,22,1,1,641,2
529,2,23,1,1,518,4
529,2,24,2,1,7,5
529,2,25,1,2,601,7
529,2,26,2,2,69,6
529,2,27,2,2,109,5
529,2,28,1,1,621,
529,2,29,1,2,592,3
529,2,30,2,2,13,3
529,2,31,2,1,109,2
529,2,32,1,2,604,4
529,2,33,1,2,568,4
529,2,34,2,2,161,5
529,2,35,2,2,91,6
529,2,36,2,1,111,1
529,2,37,2,1,76,3
529,2,38,1,1,603,4
529,2,39,2,2,8,3
529,2,40,1,2,529,5
530,2,1,1,1,512,3
530,2,2,2,1,150,5
530,2,3,2,1,33,5
530,2,4,1,2,617,6
530,2,5,2,2,8,3
530,2,6,1,1,529,2
530,2,7,2,2,81,6
530,2,8,2,2,43,5
530,2,9,1,1,504,2
530,2,10,1,2,640,6
530,2,11,1,2,529,6
530,2,12,1,2,623,4
530,2,13,2,1,16,3
530,2,14,1,2,531,5
530,2,15,2,2,66,
530,2,16,2,1,26,2
530,2,17,2,2,62,3
530,2,18,1,1,608,2
530,2,19,2,1,11,2
530,2,20,2,2,63,4
530,2,21,1,1,673,3
530,2,22,2,2,75,5
530,2,23,2,2,141,2
530,2,24,1,2,641,1
530,2,25,1,1,518,3
530,2,26,2,2,105,3
530,2,27,1,2,568,2
530,2,28,2,1,20,3
530,2,29,1,2,512,4
530,2,30,2,1,75,1
530,2,31,1,2,625,4
530,2,32,2,1,96,3
530,2,33,2,2,161,2
530,2,34,1,2,522,5
530,2,35,2,1,57,3
530,2,36,2,1,86,4
530,2,37,1,1,569,2
530,2,38,1,1,521,6
530,2,39,1,1,623,3
530,2,40,1,1,640,5
531,2,1,1,1,603,4
531,2,2,2,2,113,4
531,2,3,1,2,518,3
531,2,4,2,1,40,6
531,2,5,1,1,623,6
531,2,6,2,1,43,2
531,2,7,1,1,640,5
531,2,8,2,2,70,6
531,2,9,1,1,531,3
531,2,10,1,1,526,3
531,2,11,2,1,80,6
531,2,12,2,1,86,4
531,2,13,1,2,631,6
531,2,14,1,2,638,3
531,2,15,2,2,109,6
531,2,16,2,1,5,3
531,2,17,1,2,512,4
531,2,18,2,2,43,5
531,2,19,2,1,62,5
531,2,20,2,1,110,4
531,2,21,1,2,592,6
531,2,22,1,2,625,6
531,2,23,2,2,30,7
531,2,24,2,2,100,4
531,2,25,1,1,529,5
531,2,26,1,2,630,7
531,2,27,2,1,37,4
531,2,28,1,2,569,7
531,2,29,1,1,673,6
531,2,30,1,1,518,2
531,2,31,1,2,563,4
531,2,32,2,1,106,2
531,2,33,1,1,617,4
531,2,34,1,2,529,6
531,2,35,2,2,69,6
531,2,36,2,2,37,5
531,2,37,2,1,109,4
531,2,38,2,2,141,4
531,2,39,2,2,60,5
531,2,40,1,1,569,4
532,2,1,1,1,529,6
532,2,2,1,2,512,6
532,2,3,2,1,142,
532,2,4,2,2,57,6
532,2,5,2,1,43,5
532,2,6,2,1,86,5
532,2,7,2,2,116,7
532,2,8,1,2,630,5
532,2,9,1,1,631,
532,2,10,2,1,73,5
532,2,11,2,2,106,5
532,2,12,1,2,643,6
532,2,13,2,2,20,6
532,2,14,1,2,603,5
532,2,15,1,2,608,6
532,2,16,1,2,638,4
532,2,17,2,2,81,5
532,2,18,2,2,150,
532,2,19,1,1,625,4
532,2,20,1,2,601,6
532,2,21,2,2,141,5
532,2,22,1,2,569,5
532,2,23,1,1,563,4
532,2,24,2,1,81,4
532,2,25,2,1,91,5
532,2,26,1,1,628,4
532,2,27,1,1,603,4
532,2,28,1,1,592,6
532,2,29,2,1,42,5
532,2,30,2,2,131,4
532,2,31,2,1,110,5
532,2,32,2,2,45,5
532,2,33,2,1,60,5
532,2,34,2,1,76,5
532,2,35,1,1,568,4
532,2,36,1,2,631,5
532,2,37,1,2,621,6
532,2,38,1,1,630,5
532,2,39,2,2,7,6
532,2,40,1,1,608,6
533,2,1,2,1,16,5
533,2,2,1,2,673,6
533,2,3,2,1,8,3
533,2,4,1,2,608,5
533,2,5,1,1,625,4
533,2,6,2,2,98,4
533,2,7,1,2,592,3
533,2,8,2,1,30,4
533,2,9,1,1,623,4
533,2,10,1,2,563,5
533,2,11,1,2,526,6
533,2,12,1,1,521,3
533,2,13,2,1,13,4
533,2,14,1,2,541,5
533,2,15,1,1,608,5
533,2,16,2,1,81,6
533,2,17,2,2,68,4
533,2,18,1,1,630,5
533,2,19,2,1,33,4
533,2,20,1,2,632,4
533,2,21,1,2,643,5
533,2,22,2,1,142,4
533,2,23,2,2,80,5
533,2,24,1,1,673,6
533,2,25,1,1,631,5
533,2,26,2,1,11,3
533,2,27,2,2,105,4
533,2,28,1,2,631,5
533,2,29,2,1,43,4
533,2,30,2,2,75,4
533,2,31,2,1,110,3
533,2,32,2,2,81,5
533,2,33,2,2,153,5
533,2,34,2,2,11,5
533,2,35,1,1,526,6
533,2,36,1,2,569,5
533,2,37,1,1,568,3
533,2,38,1,1,604,4
533,2,39,2,2,71,4
533,2,40,2,2,161,5
534,2,1,1,2,632,6
534,2,2,1,1,608,6
534,2,3,2,1,80,4
534,2,4,2,2,153,5
534,2,5,2,1,49,2
534,2,6,1,2,641,3
534,2,7,1,1,605,3
534,2,8,2,1,43,2
534,2,9,1,1,529,6
534,2,10,2,1,42,5
534,2,11,1,1,518,3
534,2,12,2,1,76,4
534,2,13,2,1,13,3
534,2,14,1,1,592,3
534,2,15,2,2,63,4
534,2,16,1,1,541,5
534,2,17,1,1,526,7
534,2,18,1,1,623,4
534,2,19,2,1,41,3
534,2,20,2,2,100,5
534,2,21,2,2,105,3
534,2,22,2,2,40,3
534,2,23,2,1,162,3
534,2,24,1,2,628,2
534,2,25,1,2,638,2
534,2,26,2,2,106,2
534,2,27,2,2,71,3
534,2,28,2,2,42,3
534,2,29,1,2,504,3
534,2,30,1,2,529,2
534,2,31,2,1,33,1
534,2,32,2,2,131,1
534,2,33,1,1,641,2
534,2,34,1,2,604,2
534,2,35,1,2,531,5
534,2,36,2,2,141,2
534,2,37,1,2,617,2
534,2,38,1,1,640,2
534,2,39,2,1,81,3
534,2,40,1,2,569,2
535,2,1,2,2,61,3
535,2,2,1,2,632,5
535,2,3,2,1,13,1
535,2,4,2,2,52,6
535,2,5,2,2,37,5
535,2,6,1,1,628,1
535,2,7,2,2,49,5
535,2,8,1,1,526,3
535,2,9,1,2,640,6
535,2,10,1,2,628,3
535,2,11,1,1,518,2
535,2,12,2,2,71,6
535,2,13,2,1,7,4
535,2,14,1,2,601,5
535,2,15,2,2,96,4
535,2,16,1,1,608,3
535,2,17,1,1,533,4
535,2,18,1,1,625,1
535,2,19,2,1,71,4
535,2,20,2,2,40,3
535,2,21,2,2,75,4
535,2,22,1,2,623,2
535,2,23,1,2,522,5
535,2,24,2,1,162,2
535,2,25,2,1,63,1
535,2,26,2,2,76,6
535,2,27,2,1,20,3
535,2,28,2,1,41,1
535,2,29,1,1,640,5
535,2,30,1,1,631,3
535,2,31,1,2,504,5
535,2,32,1,2,533,4
535,2,33,2,1,113,1
535,2,34,2,2,109,5
535,2,35,1,2,638,4
535,2,36,1,1,504,2
535,2,37,2,1,48,1
535,2,38,1,1,673,2
535,2,39,1,2,512,6
535,2,40,2,1,153,2
536,2,1,1,1,592,5
536,2,2,2,2,5,5
536,2,3,1,2,522,6
536,2,4,2,1,37,4
536,2,5,2,2,30,5
536,2,6,1,2,533,6
536,2,7,1,2,518,4
536,2,8,1,2,630,
536,2,9,2,1,65,
536,2,10,1,2,673,
536,2,11,2,1,80,4
536,2,12,1,2,521,3
536,2,13,2,2,57,5
536,2,14,2,2,47,5
536,2,15,1,2,531,3
536,2,16,1,1,504,4
536,2,17,1,1,638,2
536,2,18,2,1,63,3
536,2,19,2,2,26,
536,2,20,1,2,504,4
536,2,21,2,1,62,3
536,2,22,1,1,603,4
536,2,23,1,2,672,4
536,2,24,2,1,75,3
536,2,25,1,1,608,5
536,2,26,2,2,116,5
536,2,27,2,2,52,6
536,2,28,1,1,643,4
536,2,29,1,1,526,4
536,2,30,2,1,98,4
536,2,31,2,1,52,
536,2,32,2,1,162,4
536,2,33,1,1,617,3
536,2,34,2,2,142,5
536,2,35,2,2,42,5
536,2,36,1,1,541,
536,2,37,2,2,70,4
536,2,38,1,1,632,3
536,2,39,1,2,621,3
536,2,40,2,1,73,3
537,2,1,1,1,672,5
537,2,2,1,1,521,4
537,2,3,1,1,518,2
537,2,4,1,2,533,5
537,2,5,1,2,504,3
537,2,6,1,2,531,6
537,2,7,2,2,49,5
537,2,8,1,1,623,6
537,2,9,1,2,521,4
537,2,10,2,1,9,3
537,2,11,2,1,153,5
537,2,12,2,1,111,4
537,2,13,2,1,150,3
537,2,14,2,1,73,5
537,2,15,1,1,631,5
537,2,16,2,2,109,4
537,2,17,2,1,91,4
537,2,18,2,1,16,5
537,2,19,1,2,569,6
537,2,20,2,2,45,5
537,2,21,2,2,98,4
537,2,22,2,2,37,5
537,2,23,2,1,47,5
537,2,24,1,2,603,5
537,2,25,2,2,5,4
537,2,26,1,1,568,3
537,2,27,2,1,142,3
537,2,28,1,2,625,4
537,2,29,2,2,43,3
537,2,30,1,1,526,5
537,2,31,2,1,66,5
537,2,32,1,1,643,5
537,2,33,2,2,65,3
537,2,34,1,2,605,5
537,2,35,2,2,9,3
537,2,36,1,1,608,6
537,2,37,1,1,640,6
537,2,38,1,2,638,3
537,2,39,2,2,38,5
537,2,40,1,2,608,6
538,2,1,1,2,640,5
538,2,2,2,1,73,3
538,2,3,2,1,20,4
538,2,4,1,1,604,4
538,2,5,2,1,91,4
538,2,6,1,2,638,5
538,2,7,2,2,131,5
538,2,8,2,1,141,5
538,2,9,2,1,81,5
538,2,10,2,1,71,5
538,2,11,2,1,161,3
538,2,12,1,1,601,6
538,2,13,1,1,522,5
538,2,14,2,2,86,4
538,2,15,1,1,617,5
538,2,16,1,2,621,5
538,2,17,1,1,504,5
538,2,18,2,2,43,3
538,2,19,1,2,533,5
538,2,20,1,2,623,5
538,2,21,2,2,40,5
538,2,22,1,2,604,4
538,2,23,2,1,40,3
538,2,24,1,1,643,3
538,2,25,1,1,563,6
538,2,26,2,2,11,5
538,2,27,1,1,628,3
538,2,28,1,2,630,5
538,2,29,2,1,70,5
538,2,30,2,2,69,5
538,2,31,1,2,673,5
538,2,32,2,2,81,5
538,2,33,1,1,529,4
538,2,34,1,1,518,
538,2,35,2,2,61,5
538,2,36,1,2,628,3
538,2,37,1,2,541,5
538,2,38,2,2,109,3
538,2,39,2,1,80,3
538,2,40,2,2,111,5
539,2,1,1,1,603,2
539,2,2,2,2,71,4
539,2,3,1,1,628,5
539,2,4,1,2,592,3
539,2,5,2,1,9,5
539,2,6,1,1,541,4
539,2,7,2,1,105,5
539,2,8,1,2,631,6
539,2,9,1,2,529,5
539,2,10,2,2,9,5
539,2,11,1,2,632,5
539,2,12,2,2,73,5
539,2,13,2,1,80,4
539,2,14,2,1,48,4
539,2,15,1,1,623,5
539,2,16,2,1,86,3
539,2,17,2,2,13,4
539,2,18,2,2,33,5
539,2,19,1,1,533,4
539,2,20,2,2,8,3
539,2,21,2,1,113,2
539,2,22,1,1,630,3
539,2,23,1,2,531,4
539,2,24,2,2,142,5
539,2,25,1,1,563,5
539,2,26,2,2,41,3
539,2,27,2,2,42,5
539,2,28,2,1,8,6
539,2,29,1,2,504,5
539,2,30,2,1,65,2
539,2,31,1,2,640,7
539,2,32,2,1,161,5
539,2,33,2,1,153,5
539,2,34,1,1,569,2
539,2,35,1,2,641,2
539,2,36,1,2,604,4
539,2,37,2,2,76,4
539,2,38,1,1,526,1
539,2,39,1,2,630,4
539,2,40,1,1,504,4
540,2,1,1,2,672,3
540,2,2,1,1,628,2
540,2,3,2,2,73,3
540,2,4,1,1,592,1
540,2,5,1,2,603,2
540,2,6,2,1,131,1
540,2,7,2,1,11,3
540,2,8,2,2,8,4
540,2,9,2,1,5,4
540,2,10,1,1,631,4
540,2,11,2,1,150,4
540,2,12,1,2,625,5
540,2,13,1,2,529,5
540,2,14,1,2,641,3
540,2,15,1,1,533,4
540,2,16,1,2,592,2
540,2,17,2,2,116,4
540,2,18,1,1,568,3
540,2,19,1,1,522,2
540,2,20,1,2,640,5
540,2,21,1,2,563,4
540,2,22,2,1,45,2
540,2,23,1,2,521,3
540,2,24,2,2,70,4
540,2,25,1,1,617,4
540,2,26,2,2,9,3
540,2,27,1,1,641,1
540,2,28,2,2,105,4
540,2,29,1,1,504,3
540,2,30,2,2,153,4
540,2,31,2,1,42,2
540,2,32,1,1,603,2
540,2,33,2,2,91,5
540,2,34,2,1,113,3
540,2,35,2,1,60,3
540,2,36,2,2,75,5
540,2,37,2,1,71,4
540,2,38,1,2,604,4
540,2,39,2,2,47,5
540,2,40,2,1,52,4
541,2,1,1,1,643,3
541,2,2,2,2,150,4
541,2,3,2,1,42,3
541,2,4,1,2,521,1
541,2,5,2,2,26,6
541,2,6,2,1,75,2
541,2,7,1,1,673,5
541,2,8,2,2,5,6
541,2,9,1,2,673,6
541,2,10,2,1,162,5
541,2,11,1,1,628,3
541,2,12,2,1,47,4
541,2,13,1,1,568,4
541,2,14,2,2,60,5
541,2,15,2,2,141,5
541,2,16,1,2,643,2
541,2,17,1,1,533,6
541,2,18,2,1,5,3
541,2,19,1,2,621,7
541,2,20,1,1,604,1
541,2,21,2,1,62,5
541,2,22,1,1,603,5
541,2,23,1,2,640,1
541,2,24,1,2,522,6
541,2,25,2,2,43,5
541,2,26,2,1,86,5
541,2,27,1,2,592,3
541,2,28,1,2,605,6
541,2,29,2,2,7,5
541,2,30,1,1,625,2
541,2,31,2,2,69,6
541,2,32,1,2,638,3
541,2,33,2,1,7,5
541,2,34,2,2,62,6
541,2,35,2,1,41,2
541,2,36,2,1,26,3
541,2,37,2,2,106,4
541,2,38,1,1,521,1
541,2,39,1,1,526,2
541,2,40,1,2,672,4
542,2,1,2,2,161,5
542,2,2,1,2,518,3
542,2,3,1,2,605,5
542,2,4,1,2,641,5
542,2,5,1,2,569,5
542,2,6,1,1,529,3
542,2,7,2,2,63,4
542,2,8,1,1,522,6
542,2,9,1,2,604,5
542,2,10,1,1,601,5
542,2,11,2,2,100,6
542,2,12,1,1,617,5
542,2,13,2,1,41,3
542,2,14,2,2,38,6
542,2,15,2,1,111,3
542,2,16,1,2,522,5
542,2,17,1,2,521,6
542,2,18,2,2,109,5
542,2,19,1,1,608,4
542,2,20,1,1,621,5
542,2,21,1,2,632,5
542,2,22,1,2,608,6
542,2,23,2,2,73,5
542,2,24,2,1,141,3
542,2,25,2,1,68,4
542,2,26,1,1,512,4
542,2,27,2,1,153,6
542,2,28,1,1,641,5
542,2,29,2,2,110,5
542,2,30,1,2,628,3
542,2,31,1,1,623,4
542,2,32,2,1,38,5
542,2,33,2,1,113,4
542,2,34,2,2,153,6
542,2,35,2,1,116,4
542,2,36,2,1,91,4
542,2,37,2,1,69,4
542,2,38,1,1,638,2
542,2,39,2,2,150,4
542,2,40,2,2,81,5
543,2,1,2,1,57,2
543,2,2,2,2,62,4
543,2,3,1,2,521,6
543,2,4,2,1,86,2
543,2,5,1,1,526,6
543,2,6,2,1,106,1
543,2,7,2,2,153,7
543,2,8,2,2,47,7
543,2,9,1,2,631,6
543,2,10,2,1,91,3
543,2,11,1,2,592,5
543,2,12,1,1,640,5
543,2,13,1,1,608,3
543,2,14,1,1,529,2
543,2,15,2,1,5,1
543,2,16,1,2,625,6
543,2,17,2,1,71,4
543,2,18,2,2,57,7
543,2,19,1,1,630,2
543,2,20,2,2,49,4
543,2,21,1,1,604,2
543,2,22,1,1,569,2
543,2,23,2,1,113,2
543,2,24,2,1,33,3
543,2,25,1,2,621,6
543,2,26,2,2,43,4
543,2,27,1,2,643,6
543,2,28,2,1,11,2
543,2,29,2,2,5,2
543,2,30,2,2,66,5
543,2,31,2,1,111,6
543,2,32,2,2,68,2
543,2,33,1,2,531,6
543,2,34,1,1,641,2
543,2,35,2,2,9,2
543,2,36,1,2,630,3
543,2,37,1,1,628,4
543,2,38,1,2,601,6
543,2,39,1,2,563,2
543,2,40,1,1,638,2
544,2,1,1,1,522,4
544,2,2,2,1,150,2
544,2,3,1,2,640,2
544,2,4,2,2,9,2
544,2,5,1,1,541,2
544,2,6,2,2,37,2
544,2,7,1,1,641,2
544,2,8,2,2,116,2
544,2,9,2,2,106,2
544,2,10,2,2,11,3
544,2,11,1,2,617,2
544,2,12,1,1,638,2
544,2,13,2,2,75,2
544,2,14,2,1,65,2
544,2,15,1,1,568,2
544,2,16,2,1,7,2
544,2,17,2,1,116,2
544,2,18,1,2,522,2
544,2,19,1,2,672,2
544,2,20,2,2,96,2
544,2,21,1,2,531,2
544,2,22,1,1,529,2
544,2,23,2,1,81,2
544,2,24,1,2,533,2
544,2,25,2,1,42,2
544,2,26,2,1,9,2
544,2,27,1,2,673,2
544,2,28,1,2,643,2
544,2,29,2,2,73,2
544,2,30,1,1,605,2
544,2,31,1,1,625,2
544,2,32,2,2,69,2
544,2,33,2,1,13,2
544,2,34,1,1,512,2
544,2,35,1,2,512,2
544,2,36,1,2,521,2
544,2,37,2,2,109,3
544,2,38,2,1,30,2
544,2,39,2,1,5,2
544,2,40,1,1,533,2
545,2,1,1,1,632,4
545,2,2,2,1,73,3
545,2,3,1,2,617,3
545,2,4,1,2,531,3
545,2,5,2,1,105,3
545,2,6,1,1,604,3
545,2,7,2,1,61,3
545,2,8,2,1,111,4
545,2,9,2,1,116,3
545,2,10,1,1,640,5
545,2,11,1,2,521,5
545,2,12,2,1,40,2
545,2,13,1,2,529,5
545,2,14,2,2,91,3
545,2,15,1,1,592,3
545,2,16,1,2,541,5
545,2,17,1,1,605,5
545,2,18,1,1,521,2
545,2,19,2,2,66,3
545,2,20,2,1,71,4
545,2,21,2,2,9,3
545,2,22,1,2,608,3
545,2,23,1,2,563,4
545,2,24,2,2,63,2
545,2,25,1,1,623,2
545,2,26,2,2,57,5
545,2,27,1,1,601,5
545,2,28,2,1,100,3
545,2,29,1,1,522,3
545,2,30,2,2,20,2
545,2,31,1,2,623,3
545,2,32,1,1,672,2
545,2,33,2,2,100,1
545,2,34,2,2,43,4
545,2,35,2,2,86,4
545,2,36,1,2,630,3
545,2,37,1,2,628,3
545,2,38,2,2,49,5
545,2,39,2,1,37,2
545,2,40,2,1,49,3
546,2,1,1,1,621,3
546,2,2,1,2,529,2
546,2,3,1,1,569,1
546,2,4,1,2,526,5
546,2,5,2,1,38,3
546,2,6,1,2,604,4
546,2,7,1,2,518,4
546,2,8,2,2,153,6
546,2,9,2,2,63,2
546,2,10,2,1,153,6
546,2,11,2,1,86,4
546,2,12,1,1,512,5
546,2,13,2,2,150,
546,2,14,2,1,57,4
546,2,15,2,1,109,3
546,2,16,2,2,40,5
546,2,17,1,1,592,3
546,2,18,2,2,110,3
546,2,19,2,1,76,4
546,2,20,1,2,563,1
546,2,21,1,1,603,1
546,2,22,1,2,541,5
546,2,23,2,2,96,4
546,2,24,2,2,109,5
546,2,25,1,1,563,3
546,2,26,2,1,69,2
546,2,27,1,1,568,1
546,2,28,1,2,605,5
546,2,29,2,1,73,4
546,2,30,2,1,105,3
546,2,31,1,1,504,5
546,2,32,2,2,41,6
546,2,33,1,1,526,4
546,2,34,2,2,43,
546,2,35,2,2,71,5
546,2,36,1,2,504,5
546,2,37,1,2,568,3
546,2,38,2,1,142,4
546,2,39,1,2,512,5
546,2,40,1,1,672,3
547,2,1,1,1,605,3
547,2,2,2,1,131,2
547,2,3,2,2,47,5
547,2,4,1,2,569,5
547,2,5,1,1,623,4
547,2,6,1,1,630,4
547,2,7,1,2,631,6
547,2,8,1,1,568,2
547,2,9,1,1,628,2
547,2,10,1,2,628,1
547,2,11,1,2,617,6
547,2,12,1,2,601,6
547,2,13,2,2,96,5
547,2,14,2,1,73,3
547,2,15,2,1,111,1
547,2,16,1,1,604,1
547,2,17,2,1,49,2
547,2,18,1,1,608,3
547,2,19,2,2,110,3
547,2,20,2,2,38,2
547,2,21,2,2,106,4
547,2,22,2,1,66,3
547,2,23,2,1,20,3
547,2,24,1,1,504,4
547,2,25,1,1,672,2
547,2,26,1,2,568,3
547,2,27,1,1,632,2
547,2,28,1,2,605,5
547,2,29,1,2,632,3
547,2,30,2,1,61,3
547,2,31,1,2,608,4
547,2,32,1,2,673,4
547,2,33,2,2,61,3
547,2,34,2,1,162,2
547,2,35,2,2,113,4
547,2,36,2,1,161,2
547,2,37,2,2,8,4
547,2,38,2,2,37,3
547,2,39,2,1,113,2
547,2,40,2,2,91,4
549,2,1,2,1,70,2
549,2,2,1,2,641,3
549,2,3,2,1,80,4
549,2,4,1,2,638,4
549,2,5,1,2,672,3
549,2,6,2,2,81,3
549,2,7,2,2,8,3
549,2,8,1,1,569,2
549,2,9,2,1,105,3
549,2,10,2,1,71,5
549,2,11,2,2,69,5
549,2,12,1,1,592,2
549,2,13,1,2,603,2
549,2,14,2,2,5,3
549,2,15,1,1,604,4
549,2,16,2,1,9,3
549,2,17,2,1,110,4
549,2,18,1,1,617,3
549,2,19,1,2,630,4
549,2,20,2,1,73,2
549,2,21,2,1,76,3
549,2,22,1,1,631,5
549,2,23,2,1,42,3
549,2,24,2,2,111,5
549,2,25,2,2,80,5
549,2,26,2,2,105,3
549,2,27,1,2,632,4
549,2,28,1,1,640,3
549,2,29,1,1,632,2
549,2,30,2,2,38,4
549,2,31,1,2,563,5
549,2,32,1,1,541,5
549,2,33,1,2,518,2
549,2,34,2,1,113,2
549,2,35,2,2,47,6
549,2,36,1,2,541,5
549,2,37,1,1,672,1
549,2,38,1,2,526,6
549,2,39,1,1,605,5
549,2,40,2,2,61,5
550,2,1,2,1,110,3
550,2,2,2,2,20,2
550,2,3,1,2,521,1
550,2,4,1,2,604,3
550,2,5,2,2,69,6
550,2,6,1,1,522,5
550,2,7,2,1,91,3
550,2,8,1,1,526,3
550,2,9,2,1,48,4
550,2,10,2,1,98,5
550,2,11,2,2,26,6
550,2,12,1,1,541,5
550,2,13,2,2,71,6
550,2,14,1,2,673,7
550,2,15,1,2,569,2
550,2,16,2,2,81,2
550,2,17,2,1,5,4
550,2,18,1,1,592,5
550,2,19,2,2,153,6
550,2,20,2,1,66,3
550,2,21,1,1,621,4
550,2,22,2,2,42,5
550,2,23,1,2,608,6
550,2,24,1,2,641,3
550,2,25,2,1,131,2
550,2,26,1,1,563,
550,2,27,1,2,625,5
550,2,28,2,2,142,3
550,2,29,1,1,628,1
550,2,30,2,1,16,3
550,2,31,1,1,640,2
550,2,32,1,2,640,2
550,2,33,2,1,75,5
550,2,34,1,1,625,4
550,2,35,2,2,111,5
550,2,36,1,2,630,6
550,2,37,2,1,62,3
550,2,38,1,2,631,5
550,2,39,1,1,604,1
550,2,40,2,2,41,7
551,2,1,2,2,45,4
551,2,2,2,2,162,3
551,2,3,1,2,541,5
551,2,4,1,2,603,5
551,2,5,2,2,66,6
551,2,6,1,2,529,5
551,2,7,1,2,672,3
551,2,8,2,2,153,5
551,2,9,1,1,628,3
551,2,10,1,1,541,5
551,2,11,2,1,65,5
551,2,12,2,1,69,5
551,2,13,1,2,592,3
551,2,14,2,1,105,3
551,2,15,1,2,518,3
551,2,16,1,2,533,3
551,2,17,2,2,52,5
551,2,18,1,2,673,5
551,2,19,2,2,41,5
551,2,20,1,1,608,3
551,2,21,2,2,100,3
551,2,22,1,1,533,3
551,2,23,2,1,106,3
551,2,24,2,1,38,3
551,2,25,2,1,48,5
551,2,26,1,1,601,3
551,2,27,2,2,49,3
551,2,28,2,2,80,3
551,2,29,2,1,162,5
551,2,30,1,1,638,5
551,2,31,1,2,640,6
551,2,32,2,1,131,3
551,2,33,1,1,568,3
551,2,34,2,1,70,3
551,2,35,1,1,621,5
551,2,36,1,2,504,3
551,2,37,2,1,45,3
551,2,38,2,2,70,3
551,2,39,1,1,521,5
551,2,40,1,1,592,5
